FacilityKey,Facility,AdopterKey,ZoneKey
1,Facility 001,2,5
2,Facility 002,1,1
3,Facility 003,1,5
4,Facility 004,2,5
5,Facility 005,1,2
6,Facility 006,1,6
7,Facility 007,2,5
8,Facility 008,3,5
9,Facility 009,1,1
10,Facility 010,1,5
11,Facility 011,1,3
12,Facility 012,1,3
13,Facility 013,1,3
14,Facility 014,1,4
15,Facility 015,1,2
16,Facility 016,1,4
17,Facility 017,1,5
18,Facility 018,1,4
19,Facility 019,3,5
20,Facility 020,2,5
21,Facility 021,1,5
22,Facility 022,1,6
23,Facility 023,1,1
24,Facility 024,1,3
25,Facility 025,1,3
26,Facility 026,1,5
27,Facility 027,3,5
28,Facility 028,4,7
29,Facility 029,1,4
30,Facility 030,1,2
31,Facility 031,1,2
32,Facility 032,4,7
33,Facility 033,1,5
34,Facility 034,1,1
35,Facility 035,1,1
36,Facility 036,1,5
37,Facility 037,1,2
38,Facility 038,1,5
39,Facility 039,1,6
40,Facility 040,1,6
41,Facility 041,1,2
42,Facility 042,1,3
43,Facility 043,1,4
44,Facility 044,1,5
45,Facility 045,1,1
46,Facility 046,1,2
47,Facility 047,1,6
48,Facility 048,1,1
49,Facility 049,1,4
50,Facility 050,1,3
51,Facility 051,1,5
52,Facility 052,1,3
53,Facility 053,1,1
54,Facility 054,1,6
55,Facility 055,3,5
56,Facility 056,1,1
57,Facility 057,2,5
58,Facility 058,1,2
59,Facility 059,1,5
60,Facility 060,1,5
