MonthDate,IndicatorKey,Deaths
2026-01-01,28,0
2026-01-01,29,0
2026-01-01,30,5
2026-01-01,31,3
2026-01-01,32,8
2026-02-01,28,2
2026-02-01,29,0
2026-02-01,30,0
2026-02-01,31,3
2026-02-01,32,5
2026-03-01,28,2
2026-03-01,29,0
2026-03-01,30,0
2026-03-01,31,2
2026-03-01,32,4
2026-04-01,28,3
2026-04-01,29,1
2026-04-01,30,2
2026-04-01,31,3
2026-04-01,32,9
2026-05-01,28,2
2026-05-01,29,1
2026-05-01,30,3
2026-05-01,31,2
2026-05-01,32,8
2026-06-01,28,7
2026-06-01,29,1
2026-06-01,30,0
2026-06-01,31,7
2026-06-01,32,15
2026-07-01,28,4
2026-07-01,29,0
2026-07-01,30,4
2026-07-01,31,10
2026-07-01,32,18
2026-08-01,28,2
2026-08-01,29,0
2026-08-01,30,4
2026-08-01,31,3
2026-08-01,32,9
2026-09-01,28,0
2026-09-01,29,0
2026-09-01,30,0
2026-09-01,31,0
2026-09-01,32,0
