FacilityKey,MonthDate,Expected,Reported,ReportingStatus
1,2026-01-01,1,1,Reported
1,2026-02-01,1,1,Reported
1,2026-03-01,1,0,Not reported (source recorded 0 under non-response rule)
1,2026-04-01,1,0,Not reported (source recorded 0 under non-response rule)
1,2026-05-01,1,0,Not reported (source recorded 0 under non-response rule)
1,2026-06-01,1,0,Not reported (source recorded 0 under non-response rule)
1,2026-07-01,1,0,Not reported (source recorded 0 under non-response rule)
1,2026-08-01,1,0,Not reported (source recorded 0 under non-response rule)
1,2026-09-01,1,0,Not reported (source recorded 0 under non-response rule)
2,2026-01-01,1,1,Reported
2,2026-02-01,1,1,Reported
2,2026-03-01,1,1,Reported
2,2026-04-01,1,1,Reported
2,2026-05-01,1,1,Reported
2,2026-06-01,1,1,Reported
2,2026-07-01,1,1,Reported
2,2026-08-01,1,1,Reported
2,2026-09-01,1,1,Reported
3,2026-01-01,1,1,Reported
3,2026-02-01,1,1,Reported
3,2026-03-01,1,1,Reported
3,2026-04-01,1,1,Reported
3,2026-05-01,1,1,Reported
3,2026-06-01,1,1,Reported
3,2026-07-01,1,1,Reported
3,2026-08-01,1,1,Reported
3,2026-09-01,1,1,Reported
4,2026-01-01,1,1,Reported
4,2026-02-01,1,1,Reported
4,2026-03-01,1,1,Reported
4,2026-04-01,1,0,Not reported (source recorded 0 under non-response rule)
4,2026-05-01,1,0,Not reported (source recorded 0 under non-response rule)
4,2026-06-01,1,0,Not reported (source recorded 0 under non-response rule)
4,2026-07-01,1,0,Not reported (source recorded 0 under non-response rule)
4,2026-08-01,1,0,Not reported (source recorded 0 under non-response rule)
4,2026-09-01,1,0,Not reported (source recorded 0 under non-response rule)
5,2026-01-01,1,1,Reported
5,2026-02-01,1,1,Reported
5,2026-03-01,1,1,Reported
5,2026-04-01,1,1,Reported
5,2026-05-01,1,1,Reported
5,2026-06-01,1,1,Reported
5,2026-07-01,1,1,Reported
5,2026-08-01,1,1,Reported
5,2026-09-01,1,1,Reported
6,2026-01-01,1,1,Reported
6,2026-02-01,1,1,Reported
6,2026-03-01,1,1,Reported
6,2026-04-01,1,1,Reported
6,2026-05-01,1,1,Reported
6,2026-06-01,1,1,Reported
6,2026-07-01,1,1,Reported
6,2026-08-01,1,1,Reported
6,2026-09-01,1,1,Reported
7,2026-01-01,1,1,Reported
7,2026-02-01,1,0,Not reported (source recorded 0 under non-response rule)
7,2026-03-01,1,0,Not reported (source recorded 0 under non-response rule)
7,2026-04-01,1,1,Reported (resumed after gap)
7,2026-05-01,1,1,Reported
7,2026-06-01,1,0,Not reported (source recorded 0 under non-response rule)
7,2026-07-01,1,0,Not reported (source recorded 0 under non-response rule)
7,2026-08-01,1,0,Not reported (source recorded 0 under non-response rule)
7,2026-09-01,1,0,Not reported (source recorded 0 under non-response rule)
8,2026-01-01,1,1,Reported
8,2026-02-01,1,1,Reported
8,2026-03-01,1,1,Reported
8,2026-04-01,1,1,Reported
8,2026-05-01,1,1,Reported
8,2026-06-01,1,1,Reported
8,2026-07-01,1,1,Reported
8,2026-08-01,1,1,Reported
8,2026-09-01,1,1,Reported
9,2026-01-01,1,1,Reported
9,2026-02-01,1,1,Reported
9,2026-03-01,1,1,Reported
9,2026-04-01,1,1,Reported
9,2026-05-01,1,1,Reported
9,2026-06-01,1,1,Reported
9,2026-07-01,1,1,Reported
9,2026-08-01,1,1,Reported
9,2026-09-01,1,1,Reported
10,2026-01-01,1,1,Reported
10,2026-02-01,1,1,Reported
10,2026-03-01,1,1,Reported
10,2026-04-01,1,1,Reported
10,2026-05-01,1,1,Reported
10,2026-06-01,1,1,Reported
10,2026-07-01,1,1,Reported
10,2026-08-01,1,1,Reported
10,2026-09-01,1,1,Reported
11,2026-01-01,1,1,Reported
11,2026-02-01,1,1,Reported
11,2026-03-01,1,1,Reported
11,2026-04-01,1,1,Reported
11,2026-05-01,1,1,Reported
11,2026-06-01,1,1,Reported
11,2026-07-01,1,1,Reported
11,2026-08-01,1,1,Reported
11,2026-09-01,1,1,Reported
12,2026-01-01,1,1,Reported
12,2026-02-01,1,1,Reported
12,2026-03-01,1,1,Reported
12,2026-04-01,1,1,Reported
12,2026-05-01,1,1,Reported
12,2026-06-01,1,1,Reported
12,2026-07-01,1,1,Reported
12,2026-08-01,1,1,Reported
12,2026-09-01,1,1,Reported
13,2026-01-01,1,1,Reported
13,2026-02-01,1,1,Reported
13,2026-03-01,1,1,Reported
13,2026-04-01,1,1,Reported
13,2026-05-01,1,1,Reported
13,2026-06-01,1,1,Reported
13,2026-07-01,1,1,Reported
13,2026-08-01,1,1,Reported
13,2026-09-01,1,1,Reported
14,2026-01-01,1,1,Reported
14,2026-02-01,1,1,Reported
14,2026-03-01,1,1,Reported
14,2026-04-01,1,1,Reported
14,2026-05-01,1,1,Reported
14,2026-06-01,1,1,Reported
14,2026-07-01,1,1,Reported
14,2026-08-01,1,1,Reported
14,2026-09-01,1,1,Reported
15,2026-01-01,1,1,Reported
15,2026-02-01,1,1,Reported
15,2026-03-01,1,1,Reported
15,2026-04-01,1,1,Reported
15,2026-05-01,1,1,Reported
15,2026-06-01,1,1,Reported
15,2026-07-01,1,1,Reported
15,2026-08-01,1,1,Reported
15,2026-09-01,1,1,Reported
16,2026-01-01,1,1,Reported
16,2026-02-01,1,1,Reported
16,2026-03-01,1,1,Reported
16,2026-04-01,1,1,Reported
16,2026-05-01,1,1,Reported
16,2026-06-01,1,1,Reported
16,2026-07-01,1,1,Reported
16,2026-08-01,1,1,Reported
16,2026-09-01,1,1,Reported
17,2026-01-01,1,1,Reported
17,2026-02-01,1,1,Reported
17,2026-03-01,1,1,Reported
17,2026-04-01,1,1,Reported
17,2026-05-01,1,1,Reported
17,2026-06-01,1,1,Reported
17,2026-07-01,1,1,Reported
17,2026-08-01,1,1,Reported
17,2026-09-01,1,1,Reported
18,2026-01-01,1,1,Reported
18,2026-02-01,1,1,Reported
18,2026-03-01,1,1,Reported
18,2026-04-01,1,1,Reported
18,2026-05-01,1,1,Reported
18,2026-06-01,1,1,Reported
18,2026-07-01,1,1,Reported
18,2026-08-01,1,1,Reported
18,2026-09-01,1,1,Reported
19,2026-01-01,1,1,Reported
19,2026-02-01,1,1,Reported
19,2026-03-01,1,1,Reported
19,2026-04-01,1,1,Reported
19,2026-05-01,1,1,Reported
19,2026-06-01,1,1,Reported
19,2026-07-01,1,1,Reported
19,2026-08-01,1,1,Reported
19,2026-09-01,1,0,Not reported (missing)
20,2026-01-01,1,1,Reported
20,2026-02-01,1,0,Not reported (source recorded 0 under non-response rule)
20,2026-03-01,1,0,Not reported (source recorded 0 under non-response rule)
20,2026-04-01,1,0,Not reported (source recorded 0 under non-response rule)
20,2026-05-01,1,0,Not reported (source recorded 0 under non-response rule)
20,2026-06-01,1,0,Not reported (source recorded 0 under non-response rule)
20,2026-07-01,1,0,Not reported (source recorded 0 under non-response rule)
20,2026-08-01,1,0,Not reported (source recorded 0 under non-response rule)
20,2026-09-01,1,0,Not reported (source recorded 0 under non-response rule)
21,2026-01-01,1,1,Reported
21,2026-02-01,1,1,Reported
21,2026-03-01,1,1,Reported
21,2026-04-01,1,1,Reported
21,2026-05-01,1,1,Reported
21,2026-06-01,1,1,Reported
21,2026-07-01,1,1,Reported
21,2026-08-01,1,0,Not reported (missing)
21,2026-09-01,1,0,Not reported (missing)
22,2026-01-01,1,1,Reported
22,2026-02-01,1,1,Reported
22,2026-03-01,1,1,Reported
22,2026-04-01,1,1,Reported
22,2026-05-01,1,1,Reported
22,2026-06-01,1,1,Reported
22,2026-07-01,1,1,Reported
22,2026-08-01,1,1,Reported
22,2026-09-01,1,1,Reported
23,2026-01-01,1,1,Reported
23,2026-02-01,1,1,Reported
23,2026-03-01,1,1,Reported
23,2026-04-01,1,1,Reported
23,2026-05-01,1,1,Reported
23,2026-06-01,1,1,Reported
23,2026-07-01,1,1,Reported
23,2026-08-01,1,1,Reported
23,2026-09-01,1,1,Reported
24,2026-01-01,1,1,Reported
24,2026-02-01,1,1,Reported
24,2026-03-01,1,1,Reported
24,2026-04-01,1,1,Reported
24,2026-05-01,1,1,Reported
24,2026-06-01,1,1,Reported
24,2026-07-01,1,1,Reported
24,2026-08-01,1,1,Reported
24,2026-09-01,1,1,Reported
25,2026-01-01,1,1,Reported
25,2026-02-01,1,1,Reported
25,2026-03-01,1,1,Reported
25,2026-04-01,1,1,Reported
25,2026-05-01,1,1,Reported
25,2026-06-01,1,1,Reported
25,2026-07-01,1,1,Reported
25,2026-08-01,1,1,Reported
25,2026-09-01,1,1,Reported
26,2026-01-01,1,1,Reported
26,2026-02-01,1,1,Reported
26,2026-03-01,1,1,Reported
26,2026-04-01,1,1,Reported
26,2026-05-01,1,1,Reported
26,2026-06-01,1,1,Reported
26,2026-07-01,1,1,Reported
26,2026-08-01,1,1,Reported
26,2026-09-01,1,1,Reported
27,2026-01-01,1,1,Reported
27,2026-02-01,1,1,Reported
27,2026-03-01,1,1,Reported
27,2026-04-01,1,1,Reported
27,2026-05-01,1,1,Reported
27,2026-06-01,1,1,Reported
27,2026-07-01,1,1,Reported
27,2026-08-01,1,1,Reported
27,2026-09-01,1,1,Reported
28,2026-01-01,1,1,Reported
28,2026-02-01,1,1,Reported
28,2026-03-01,1,1,Reported
28,2026-04-01,1,1,Reported
28,2026-05-01,1,1,Reported
28,2026-06-01,1,1,Reported
28,2026-07-01,1,1,Reported
28,2026-08-01,1,1,Reported
28,2026-09-01,1,0,Not reported (missing)
29,2026-01-01,1,1,Reported
29,2026-02-01,1,1,Reported
29,2026-03-01,1,1,Reported
29,2026-04-01,1,1,Reported
29,2026-05-01,1,1,Reported
29,2026-06-01,1,1,Reported
29,2026-07-01,1,1,Reported
29,2026-08-01,1,1,Reported
29,2026-09-01,1,0,Not reported (missing)
30,2026-01-01,1,1,Reported
30,2026-02-01,1,1,Reported
30,2026-03-01,1,1,Reported
30,2026-04-01,1,1,Reported
30,2026-05-01,1,1,Reported
30,2026-06-01,1,1,Reported
30,2026-07-01,1,1,Reported
30,2026-08-01,1,1,Reported
30,2026-09-01,1,0,Not reported (missing)
31,2026-01-01,1,1,Reported
31,2026-02-01,1,1,Reported
31,2026-03-01,1,1,Reported
31,2026-04-01,1,1,Reported
31,2026-05-01,1,1,Reported
31,2026-06-01,1,1,Reported
31,2026-07-01,1,1,Reported
31,2026-08-01,1,1,Reported
31,2026-09-01,1,1,Reported
32,2026-01-01,1,1,Reported
32,2026-02-01,1,1,Reported
32,2026-03-01,1,1,Reported
32,2026-04-01,1,1,Reported
32,2026-05-01,1,1,Reported
32,2026-06-01,1,1,Reported
32,2026-07-01,1,1,Reported
32,2026-08-01,1,1,Reported
32,2026-09-01,1,1,Reported
33,2026-01-01,1,1,Reported
33,2026-02-01,1,1,Reported
33,2026-03-01,1,1,Reported
33,2026-04-01,1,1,Reported
33,2026-05-01,1,1,Reported
33,2026-06-01,1,0,Not reported (missing)
33,2026-07-01,1,1,Reported (resumed after gap)
33,2026-08-01,1,1,Reported
33,2026-09-01,1,0,Not reported (missing)
34,2026-01-01,1,1,Reported
34,2026-02-01,1,1,Reported
34,2026-03-01,1,1,Reported
34,2026-04-01,1,1,Reported
34,2026-05-01,1,1,Reported
34,2026-06-01,1,1,Reported
34,2026-07-01,1,1,Reported
34,2026-08-01,1,1,Reported
34,2026-09-01,1,1,Reported
35,2026-01-01,1,1,Reported
35,2026-02-01,1,1,Reported
35,2026-03-01,1,1,Reported
35,2026-04-01,1,1,Reported
35,2026-05-01,1,1,Reported
35,2026-06-01,1,1,Reported
35,2026-07-01,1,1,Reported
35,2026-08-01,1,1,Reported
35,2026-09-01,1,1,Reported
36,2026-01-01,1,1,Reported
36,2026-02-01,1,1,Reported
36,2026-03-01,1,1,Reported
36,2026-04-01,1,1,Reported
36,2026-05-01,1,1,Reported
36,2026-06-01,1,1,Reported
36,2026-07-01,1,1,Reported
36,2026-08-01,1,1,Reported
36,2026-09-01,1,1,Reported
37,2026-01-01,1,1,Reported
37,2026-02-01,1,1,Reported
37,2026-03-01,1,1,Reported
37,2026-04-01,1,1,Reported
37,2026-05-01,1,1,Reported
37,2026-06-01,1,1,Reported
37,2026-07-01,1,1,Reported
37,2026-08-01,1,1,Reported
37,2026-09-01,1,1,Reported
38,2026-01-01,1,1,Reported
38,2026-02-01,1,1,Reported
38,2026-03-01,1,1,Reported
38,2026-04-01,1,1,Reported
38,2026-05-01,1,1,Reported
38,2026-06-01,1,1,Reported
38,2026-07-01,1,1,Reported
38,2026-08-01,1,1,Reported
38,2026-09-01,1,1,Reported
39,2026-01-01,1,1,Reported
39,2026-02-01,1,1,Reported
39,2026-03-01,1,1,Reported
39,2026-04-01,1,1,Reported
39,2026-05-01,1,1,Reported
39,2026-06-01,1,1,Reported
39,2026-07-01,1,1,Reported
39,2026-08-01,1,1,Reported
39,2026-09-01,1,0,Not reported (missing)
40,2026-01-01,1,1,Reported
40,2026-02-01,1,1,Reported
40,2026-03-01,1,1,Reported
40,2026-04-01,1,1,Reported
40,2026-05-01,1,1,Reported
40,2026-06-01,1,1,Reported
40,2026-07-01,1,1,Reported
40,2026-08-01,1,1,Reported
40,2026-09-01,1,1,Reported
41,2026-01-01,1,1,Reported
41,2026-02-01,1,1,Reported
41,2026-03-01,1,1,Reported
41,2026-04-01,1,1,Reported
41,2026-05-01,1,1,Reported
41,2026-06-01,1,1,Reported
41,2026-07-01,1,1,Reported
41,2026-08-01,1,1,Reported
41,2026-09-01,1,1,Reported
42,2026-01-01,1,1,Reported
42,2026-02-01,1,1,Reported
42,2026-03-01,1,1,Reported
42,2026-04-01,1,1,Reported
42,2026-05-01,1,1,Reported
42,2026-06-01,1,1,Reported
42,2026-07-01,1,1,Reported
42,2026-08-01,1,1,Reported
42,2026-09-01,1,1,Reported
43,2026-01-01,1,1,Reported
43,2026-02-01,1,1,Reported
43,2026-03-01,1,1,Reported
43,2026-04-01,1,1,Reported
43,2026-05-01,1,1,Reported
43,2026-06-01,1,1,Reported
43,2026-07-01,1,1,Reported
43,2026-08-01,1,1,Reported
43,2026-09-01,1,1,Reported
44,2026-01-01,1,1,Reported
44,2026-02-01,1,1,Reported
44,2026-03-01,1,1,Reported
44,2026-04-01,1,1,Reported
44,2026-05-01,1,1,Reported
44,2026-06-01,1,1,Reported
44,2026-07-01,1,1,Reported
44,2026-08-01,1,1,Reported
44,2026-09-01,1,1,Reported
45,2026-01-01,1,1,Reported
45,2026-02-01,1,1,Reported
45,2026-03-01,1,1,Reported
45,2026-04-01,1,1,Reported
45,2026-05-01,1,1,Reported
45,2026-06-01,1,1,Reported
45,2026-07-01,1,1,Reported
45,2026-08-01,1,1,Reported
45,2026-09-01,1,1,Reported
46,2026-01-01,1,1,Reported
46,2026-02-01,1,1,Reported
46,2026-03-01,1,1,Reported
46,2026-04-01,1,1,Reported
46,2026-05-01,1,1,Reported
46,2026-06-01,1,1,Reported
46,2026-07-01,1,1,Reported
46,2026-08-01,1,1,Reported
46,2026-09-01,1,0,Not reported (missing)
47,2026-01-01,1,1,Reported
47,2026-02-01,1,1,Reported
47,2026-03-01,1,1,Reported
47,2026-04-01,1,1,Reported
47,2026-05-01,1,1,Reported
47,2026-06-01,1,1,Reported
47,2026-07-01,1,1,Reported
47,2026-08-01,1,1,Reported
47,2026-09-01,1,1,Reported
48,2026-01-01,1,1,Reported
48,2026-02-01,1,1,Reported
48,2026-03-01,1,1,Reported
48,2026-04-01,1,1,Reported
48,2026-05-01,1,1,Reported
48,2026-06-01,1,1,Reported
48,2026-07-01,1,1,Reported
48,2026-08-01,1,1,Reported
48,2026-09-01,1,0,Not reported (missing)
49,2026-01-01,1,1,Reported
49,2026-02-01,1,1,Reported
49,2026-03-01,1,1,Reported
49,2026-04-01,1,1,Reported
49,2026-05-01,1,1,Reported
49,2026-06-01,1,1,Reported
49,2026-07-01,1,1,Reported
49,2026-08-01,1,1,Reported
49,2026-09-01,1,1,Reported
50,2026-01-01,1,1,Reported
50,2026-02-01,1,1,Reported
50,2026-03-01,1,1,Reported
50,2026-04-01,1,1,Reported
50,2026-05-01,1,1,Reported
50,2026-06-01,1,1,Reported
50,2026-07-01,1,1,Reported
50,2026-08-01,1,1,Reported
50,2026-09-01,1,1,Reported
51,2026-01-01,1,1,Reported
51,2026-02-01,1,1,Reported
51,2026-03-01,1,1,Reported
51,2026-04-01,1,1,Reported
51,2026-05-01,1,1,Reported
51,2026-06-01,1,1,Reported
51,2026-07-01,1,1,Reported
51,2026-08-01,1,1,Reported
51,2026-09-01,1,1,Reported
52,2026-01-01,1,1,Reported
52,2026-02-01,1,1,Reported
52,2026-03-01,1,1,Reported
52,2026-04-01,1,1,Reported
52,2026-05-01,1,1,Reported
52,2026-06-01,1,1,Reported
52,2026-07-01,1,1,Reported
52,2026-08-01,1,1,Reported
52,2026-09-01,1,1,Reported
53,2026-01-01,1,1,Reported
53,2026-02-01,1,1,Reported
53,2026-03-01,1,1,Reported
53,2026-04-01,1,1,Reported
53,2026-05-01,1,1,Reported
53,2026-06-01,1,1,Reported
53,2026-07-01,1,1,Reported
53,2026-08-01,1,1,Reported
53,2026-09-01,1,0,Not reported (missing)
54,2026-01-01,1,1,Reported
54,2026-02-01,1,1,Reported
54,2026-03-01,1,1,Reported
54,2026-04-01,1,1,Reported
54,2026-05-01,1,1,Reported
54,2026-06-01,1,1,Reported
54,2026-07-01,1,1,Reported
54,2026-08-01,1,1,Reported
54,2026-09-01,1,0,Not reported (missing)
55,2026-01-01,1,1,Reported
55,2026-02-01,1,1,Reported
55,2026-03-01,1,1,Reported
55,2026-04-01,1,1,Reported
55,2026-05-01,1,1,Reported
55,2026-06-01,1,1,Reported
55,2026-07-01,1,1,Reported
55,2026-08-01,1,1,Reported
55,2026-09-01,1,1,Reported
56,2026-01-01,1,1,Reported
56,2026-02-01,1,1,Reported
56,2026-03-01,1,1,Reported
56,2026-04-01,1,1,Reported
56,2026-05-01,1,1,Reported
56,2026-06-01,1,1,Reported
56,2026-07-01,1,1,Reported
56,2026-08-01,1,1,Reported
56,2026-09-01,1,1,Reported
57,2026-01-01,1,1,Reported
57,2026-02-01,1,1,Reported
57,2026-03-01,1,1,Reported
57,2026-04-01,1,1,Reported
57,2026-05-01,1,0,Not reported (source recorded 0 under non-response rule)
57,2026-06-01,1,0,Not reported (source recorded 0 under non-response rule)
57,2026-07-01,1,0,Not reported (source recorded 0 under non-response rule)
57,2026-08-01,1,0,Not reported (source recorded 0 under non-response rule)
57,2026-09-01,1,0,Not reported (source recorded 0 under non-response rule)
58,2026-01-01,1,1,Reported
58,2026-02-01,1,1,Reported
58,2026-03-01,1,1,Reported
58,2026-04-01,1,1,Reported
58,2026-05-01,1,1,Reported
58,2026-06-01,1,1,Reported
58,2026-07-01,1,1,Reported
58,2026-08-01,1,1,Reported
58,2026-09-01,1,1,Reported
59,2026-01-01,1,1,Reported
59,2026-02-01,1,1,Reported
59,2026-03-01,1,1,Reported
59,2026-04-01,1,1,Reported
59,2026-05-01,1,1,Reported
59,2026-06-01,1,1,Reported
59,2026-07-01,1,1,Reported
59,2026-08-01,1,1,Reported
59,2026-09-01,1,0,Not reported (missing)
60,2026-01-01,1,1,Reported
60,2026-02-01,1,1,Reported
60,2026-03-01,1,1,Reported
60,2026-04-01,1,1,Reported
60,2026-05-01,1,1,Reported
60,2026-06-01,1,1,Reported
60,2026-07-01,1,1,Reported
60,2026-08-01,1,1,Reported
60,2026-09-01,1,1,Reported
