block_id,year,semester,disease,serotype,geo_level,location_raw,location_std,animal_category,species,measuring_units,susceptible,cases,killed_disposed,slaughtered,deaths,vaccinated,all_counts_missing
2006|Jan-Jun 2006|Anambra|HPAI|H5N1,2006,Jan-Jun 2006,HPAI,H5N1,state,Anambra,Anambra,Domestic,Birds,Animal,500.0,,,,353.0,,False
2006|Jan-Jun 2006|Bauchi|HPAI|H5N1,2006,Jan-Jun 2006,HPAI,H5N1,state,Bauchi,Bauchi,Domestic,Birds,Animal,19475.0,193.0,98941.0,0.0,62941.0,0.0,False
2006|Jan-Jun 2006|Benue|HPAI|H5N1,2006,Jan-Jun 2006,HPAI,H5N1,state,Benue,Benue,Domestic,Birds,Animal,600.0,,,,594.0,,False
2006|Jan-Jun 2006|Borno|HPAI|H5N1,2006,Jan-Jun 2006,HPAI,H5N1,state,Borno,Borno,Domestic,Birds,Animal,36.0,36.0,16.0,0.0,20.0,0.0,False
2006|Jan-Jun 2006|Federal Capital Territory|HPAI|H5N1,2006,Jan-Jun 2006,HPAI,H5N1,state,Federal Capital Territory,Federal Capital Territory,Domestic,Birds,Animal,629.0,,,,202.0,,False
2006|Jan-Jun 2006|Jigawa|HPAI|H5N1,2006,Jan-Jun 2006,HPAI,H5N1,state,Jigawa,Jigawa,Domestic,Birds,Animal,,,,0.0,9026.0,0.0,False
2006|Jan-Jun 2006|Kaduna|HPAI|H5N1,2006,Jan-Jun 2006,HPAI,H5N1,state,Kaduna,Kaduna,Domestic,Birds,Animal,123073.0,42528.0,15740.0,0.0,86223.0,0.0,False
2006|Jan-Jun 2006|Kano|HPAI|H5N1,2006,Jan-Jun 2006,HPAI,H5N1,state,Kano,Kano,Domestic,Birds,Animal,78741.0,3916.0,46554.0,0.0,3911.0,0.0,False
2006|Jan-Jun 2006|Katsina|HPAI|H5N1,2006,Jan-Jun 2006,HPAI,H5N1,state,Katsina,Katsina,Domestic,Birds,Animal,15074.0,,,0.0,,0.0,False
2006|Jan-Jun 2006|Lagos|HPAI|H5N1,2006,Jan-Jun 2006,HPAI,H5N1,state,Lagos,Lagos,Domestic,Birds,Animal,54600.0,,,0.0,2981.0,0.0,False
2006|Jan-Jun 2006|Nasarawa|HPAI|H5N1,2006,Jan-Jun 2006,HPAI,H5N1,state,Nasarawa,Nasarawa,Domestic,Birds,Animal,25414.0,,21957.0,0.0,3457.0,0.0,False
2006|Jan-Jun 2006|Ogun|HPAI|H5N1,2006,Jan-Jun 2006,HPAI,H5N1,state,Ogun,Ogun,Domestic,Birds,Animal,270000.0,,,0.0,188000.0,0.0,False
2006|Jan-Jun 2006|Osun|Rabies|,2006,Jan-Jun 2006,Rabies,,state,Osun,Osun,Domestic,Dogs,Animal,,,,,,,True
2006|Jan-Jun 2006|Oyo|HPAI|H5N1,2006,Jan-Jun 2006,HPAI,H5N1,state,Oyo,Oyo,Domestic,Birds,Animal,300.0,,280.0,0.0,20.0,0.0,False
2006|Jan-Jun 2006|Plateau|HPAI|H5N1,2006,Jan-Jun 2006,HPAI,H5N1,state,Plateau,Plateau,Domestic,Birds,Animal,44516.0,12475.0,31903.0,0.0,11212.0,0.0,False
2006|Jan-Jun 2006|Plateau|HPAI|H5N1,2006,Jan-Jun 2006,HPAI,H5N1,state,Plateau,Plateau,Wild,Wildlife (species unspecified),Animal,1.0,1.0,0.0,0.0,1.0,0.0,False
2006|Jan-Jun 2006|Rivers|HPAI|H5N1,2006,Jan-Jun 2006,HPAI,H5N1,state,Rivers,Rivers,Domestic,Birds,Animal,1200.0,,,,700.0,0.0,False
2006|Jan-Jun 2006|Taraba|HPAI|H5N1,2006,Jan-Jun 2006,HPAI,H5N1,state,Taraba,Taraba,Domestic,Birds,Animal,81.0,,45.0,0.0,36.0,0.0,False
2006|Jan-Jun 2006|Yobe|HPAI|H5N1,2006,Jan-Jun 2006,HPAI,H5N1,state,Yobe,Yobe,Domestic,Birds,Animal,,6.0,,,,0.0,False
2006|Jul-Dec 2006|Anambra|HPAI|H5N1,2006,Jul-Dec 2006,HPAI,H5N1,state,Anambra,Anambra,Domestic,Birds,Animal,2680.0,403.0,2277.0,0.0,403.0,0.0,False
2006|Jul-Dec 2006|Bauchi|HPAI|H5N1,2006,Jul-Dec 2006,HPAI,H5N1,state,Bauchi,Bauchi,Domestic,Birds,Animal,2500.0,2000.0,1554.0,0.0,946.0,0.0,False
2006|Jul-Dec 2006|Borno|HPAI|H5N1,2006,Jul-Dec 2006,HPAI,H5N1,state,Borno,Borno,Domestic,Birds,Animal,500.0,300.0,249.0,0.0,251.0,0.0,False
2006|Jul-Dec 2006|Delta|HPAI|H5N1,2006,Jul-Dec 2006,HPAI,H5N1,state,Delta,Delta,Domestic,Birds,Animal,,,,,,,True
2006|Jul-Dec 2006|Kaduna|HPAI|H5N1,2006,Jul-Dec 2006,HPAI,H5N1,state,Kaduna,Kaduna,Domestic,Birds,Animal,,,,,,,True
2006|Jul-Dec 2006|Kano|HPAI|H5N1,2006,Jul-Dec 2006,HPAI,H5N1,state,Kano,Kano,Domestic,Birds,Animal,8351.0,2500.0,7194.0,0.0,1157.0,0.0,False
2006|Jul-Dec 2006|Kwara|HPAI|H5N1,2006,Jul-Dec 2006,HPAI,H5N1,state,Kwara,Kwara,Domestic,Birds,Animal,6685.0,2000.0,5200.0,0.0,1485.0,0.0,False
2006|Jul-Dec 2006|Lagos|HPAI|H5N1,2006,Jul-Dec 2006,HPAI,H5N1,state,Lagos,Lagos,Domestic,Birds,Animal,,,,,,,True
2006|Jul-Dec 2006|Nasarawa|HPAI|H5N1,2006,Jul-Dec 2006,HPAI,H5N1,state,Nasarawa,Nasarawa,Domestic,Birds,Animal,2000.0,276.0,1724.0,0.0,276.0,0.0,False
2006|Jul-Dec 2006|Ogun|HPAI|H5N1,2006,Jul-Dec 2006,HPAI,H5N1,state,Ogun,Ogun,Domestic,Birds,Animal,3536.0,,,0.0,652.0,0.0,False
2006|Jul-Dec 2006|Plateau|HPAI|H5N1,2006,Jul-Dec 2006,HPAI,H5N1,state,Plateau,Plateau,Domestic,Birds,Animal,86.0,86.0,37.0,0.0,49.0,0.0,False
2006|Jul-Dec 2006|Taraba|HPAI|H5N1,2006,Jul-Dec 2006,HPAI,H5N1,state,Taraba,Taraba,Domestic,Birds,Animal,119.0,100.0,19.0,0.0,100.0,0.0,False
2007|Jan-Jun 2007|Adamawa|HPAI|H5N1,2007,Jan-Jun 2007,HPAI,H5N1,state,Adamawa,Adamawa,Domestic,Birds,Animal,394.0,,,0.0,157.0,0.0,False
2007|Jan-Jun 2007|Anambra|HPAI|H5N1,2007,Jan-Jun 2007,HPAI,H5N1,state,Anambra,Anambra,Domestic,Birds,Animal,15852.0,,,0.0,,0.0,False
2007|Jan-Jun 2007|Bauchi|HPAI|H5N1,2007,Jan-Jun 2007,HPAI,H5N1,state,Bauchi,Bauchi,Domestic,Birds,Animal,1356.0,,,0.0,286.0,0.0,False
2007|Jan-Jun 2007|Borno|HPAI|H5N1,2007,Jan-Jun 2007,HPAI,H5N1,state,Borno,Borno,Domestic,Birds,Animal,300.0,200.0,140.0,0.0,160.0,0.0,False
2007|Jan-Jun 2007|Edo|HPAI|H5N1,2007,Jan-Jun 2007,HPAI,H5N1,state,Edo,Edo,Domestic,Birds,Animal,6125.0,,,0.0,4000.0,0.0,False
2007|Jan-Jun 2007|Enugu|HPAI|H5N1,2007,Jan-Jun 2007,HPAI,H5N1,state,Enugu,Enugu,Domestic,Birds,Animal,500.0,500.0,0.0,0.0,500.0,0.0,False
2007|Jan-Jun 2007|Federal Capital Territory|HPAI|H5N1,2007,Jan-Jun 2007,HPAI,H5N1,state,Federal Capital Territory,Federal Capital Territory,Domestic,Birds,Animal,40.0,40.0,,0.0,35.0,0.0,False
2007|Jan-Jun 2007|Jigawa|HPAI|H5N1,2007,Jan-Jun 2007,HPAI,H5N1,state,Jigawa,Jigawa,Domestic,Birds,Animal,14057.0,50.0,0.0,0.0,3061.0,0.0,False
2007|Jan-Jun 2007|Kaduna|HPAI|H5N1,2007,Jan-Jun 2007,HPAI,H5N1,state,Kaduna,Kaduna,Domestic,Birds,Animal,31197.0,2500.0,5875.0,0.0,7449.0,0.0,False
2007|Jan-Jun 2007|Kano|HPAI|H5N1,2007,Jan-Jun 2007,HPAI,H5N1,state,Kano,Kano,Domestic,Birds,Animal,85271.0,,,0.0,4290.0,0.0,False
2007|Jan-Jun 2007|Katsina|HPAI|H5N1,2007,Jan-Jun 2007,HPAI,H5N1,state,Katsina,Katsina,Domestic,Birds,Animal,93438.0,,4572.0,0.0,6143.0,0.0,False
2007|Jan-Jun 2007|Lagos|HPAI|H5N1,2007,Jan-Jun 2007,HPAI,H5N1,state,Lagos,Lagos,Domestic,Birds,Animal,4244.0,,,0.0,867.0,0.0,False
2007|Jan-Jun 2007|Nasarawa|HPAI|H5N1,2007,Jan-Jun 2007,HPAI,H5N1,state,Nasarawa,Nasarawa,Domestic,Birds,Animal,,,,,,,True
2007|Jan-Jun 2007|Oyo|HPAI|H5N1,2007,Jan-Jun 2007,HPAI,H5N1,state,Oyo,Oyo,Domestic,Birds,Animal,15000.0,8600.0,2400.0,0.0,8600.0,0.0,False
2007|Jan-Jun 2007|Plateau|HPAI|H5N1,2007,Jan-Jun 2007,HPAI,H5N1,state,Plateau,Plateau,Domestic,Birds,Animal,12802.0,,,0.0,1532.0,0.0,False
2007|Jan-Jun 2007|Sokoto|HPAI|H5N1,2007,Jan-Jun 2007,HPAI,H5N1,state,Sokoto,Sokoto,Domestic,Birds,Animal,,,,,,,True
2007|Jan-Jun 2007|Yobe|HPAI|H5N1,2007,Jan-Jun 2007,HPAI,H5N1,state,Yobe,Yobe,Domestic,Birds,Animal,68.0,,,0.0,1.0,0.0,False
2007|Jan-Jun 2007|Zamfara|HPAI|H5N1,2007,Jan-Jun 2007,HPAI,H5N1,state,Zamfara,Zamfara,Domestic,Birds,Animal,,,,,,,True
2007|Jul-Dec 2007|Anambra|HPAI|H5N1,2007,Jul-Dec 2007,HPAI,H5N1,state,Anambra,Anambra,Domestic,Birds,Animal,1500.0,179.0,821.0,0.0,179.0,0.0,False
2007|Jul-Dec 2007|Delta|HPAI|H5N1,2007,Jul-Dec 2007,HPAI,H5N1,state,Delta,Delta,Domestic,Birds,Animal,,,,,45.0,,False
2007|Jul-Dec 2007|Edo|HPAI|H5N1,2007,Jul-Dec 2007,HPAI,H5N1,state,Edo,Edo,Domestic,Birds,Animal,7452.0,,,0.0,1267.0,0.0,False
2007|Jul-Dec 2007|Ekiti|HPAI|H5N1,2007,Jul-Dec 2007,HPAI,H5N1,state,Ekiti,Ekiti,Domestic,Birds,Animal,2400.0,,,,1312.0,,False
2007|Jul-Dec 2007|Gombe|Rabies|,2007,Jul-Dec 2007,Rabies,,state,Gombe,Gombe,Domestic,Dogs,Animal,,2.0,,,2.0,,False
2007|Jul-Dec 2007|Lagos|HPAI|H5N1,2007,Jul-Dec 2007,HPAI,H5N1,state,Lagos,Lagos,Domestic,Birds,Animal,3000.0,,,,380.0,,False
2007|Jul-Dec 2007|Nasarawa|HPAI|H5N1,2007,Jul-Dec 2007,HPAI,H5N1,state,Nasarawa,Nasarawa,Domestic,Birds,Animal,65.0,,,0.0,11.0,0.0,False
2007|Jul-Dec 2007|Ogun|HPAI|H5N1,2007,Jul-Dec 2007,HPAI,H5N1,state,Ogun,Ogun,Domestic,Birds,Animal,69389.0,,,0.0,15252.0,0.0,False
2007|Jul-Dec 2007|Oyo|HPAI|H5N1,2007,Jul-Dec 2007,HPAI,H5N1,state,Oyo,Oyo,Domestic,Birds,Animal,720.0,,2.0,0.0,718.0,0.0,False
2007|Jul-Dec 2007|Zamfara|HPAI|H5N1,2007,Jul-Dec 2007,HPAI,H5N1,state,Zamfara,Zamfara,Domestic,Birds,Animal,3680.0,,,,1262.0,,False
2008|Jan-Jun 2008|Adamawa|Trypanosomosis|,2008,Jan-Jun 2008,Trypanosomosis,,state,Adamawa,Adamawa,Domestic,Cattle,Animal,1477.0,1436.0,3.0,18.0,7.0,0.0,False
2008|Jan-Jun 2008|Bauchi|Rabies|,2008,Jan-Jun 2008,Rabies,,state,Bauchi,Bauchi,Domestic,Dogs,Animal,4.0,16.0,1.0,0.0,1.0,281.0,False
2008|Jan-Jun 2008|Federal Capital Territory|Trypanosomosis|,2008,Jan-Jun 2008,Trypanosomosis,,state,Federal Capital Territory,Federal Capital Territory,Domestic,Cattle,Animal,600.0,113.0,0.0,3.0,0.0,0.0,False
2008|Jan-Jun 2008|Gombe|Rabies|,2008,Jan-Jun 2008,Rabies,,state,Gombe,Gombe,Domestic,Dogs,Animal,1.0,1.0,0.0,0.0,1.0,,False
2008|Jan-Jun 2008|Kaduna|Rabies|,2008,Jan-Jun 2008,Rabies,,state,Kaduna,Kaduna,Domestic,Dogs,Animal,,,6.0,,,,False
2008|Jan-Jun 2008|Kebbi|HPAI|H5N1,2008,Jan-Jun 2008,HPAI,H5N1,state,Kebbi,Kebbi,Domestic,Birds,Animal,1.0,1.0,0.0,0.0,0.0,0.0,False
2008|Jan-Jun 2008|Kwara|Rabies|,2008,Jan-Jun 2008,Rabies,,state,Kwara,Kwara,Domestic,Dogs,Animal,9.0,9.0,,0.0,,,False
2008|Jan-Jun 2008|Nasarawa|Trypanosomosis|,2008,Jan-Jun 2008,Trypanosomosis,,state,Nasarawa,Nasarawa,Domestic,Cattle,Animal,,35.0,0.0,,0.0,,False
2008|Jan-Jun 2008|Niger|Trypanosomosis|,2008,Jan-Jun 2008,Trypanosomosis,,state,Niger,Niger,Domestic,Cattle,Animal,,15.0,0.0,0.0,0.0,,False
2008|Jan-Jun 2008|Ondo|Rabies|,2008,Jan-Jun 2008,Rabies,,state,Ondo,Ondo,Domestic,Dogs,Animal,21.0,2.0,2.0,0.0,0.0,312.0,False
2008|Jan-Jun 2008|Osun|Rabies|,2008,Jan-Jun 2008,Rabies,,state,Osun,Osun,Domestic,Dogs,Animal,350.0,3.0,3.0,0.0,0.0,,False
2008|Jan-Jun 2008|Taraba|Rabies|,2008,Jan-Jun 2008,Rabies,,state,Taraba,Taraba,Domestic,Dogs,Animal,,4.0,1.0,0.0,4.0,,False
2008|Jul-Dec 2008|Bauchi|Rabies|,2008,Jul-Dec 2008,Rabies,,state,Bauchi,Bauchi,Domestic,Cattle,Animal,4.0,2.0,0.0,0.0,2.0,,False
2008|Jul-Dec 2008|Bauchi|Rabies|,2008,Jul-Dec 2008,Rabies,,state,Bauchi,Bauchi,Domestic,Dogs,Animal,,34.0,0.0,0.0,34.0,,False
2008|Jul-Dec 2008|Ekiti|Rabies|,2008,Jul-Dec 2008,Rabies,,state,Ekiti,Ekiti,Domestic,Dogs,Animal,50.0,1.0,0.0,0.0,1.0,,False
2008|Jul-Dec 2008|Gombe|HPAI|H5N1,2008,Jul-Dec 2008,HPAI,H5N1,state,Gombe,Gombe,Domestic,Birds,Animal,1.0,1.0,0.0,0.0,0.0,0.0,False
2008|Jul-Dec 2008|Gombe|Rabies|,2008,Jul-Dec 2008,Rabies,,state,Gombe,Gombe,Domestic,Dogs,Animal,,10.0,0.0,0.0,10.0,,False
2008|Jul-Dec 2008|Kaduna|Rabies|,2008,Jul-Dec 2008,Rabies,,state,Kaduna,Kaduna,Domestic,Dogs,Animal,1.0,1.0,0.0,0.0,1.0,,False
2008|Jul-Dec 2008|Kano|HPAI|H5N1,2008,Jul-Dec 2008,HPAI,H5N1,state,Kano,Kano,Domestic,Birds,Animal,4253.0,1514.0,2739.0,0.0,1514.0,,False
2008|Jul-Dec 2008|Kano|Rabies|,2008,Jul-Dec 2008,Rabies,,state,Kano,Kano,Domestic,Dogs,Animal,,3.0,2.0,0.0,1.0,,False
2008|Jul-Dec 2008|Katsina|HPAI|H5N1,2008,Jul-Dec 2008,HPAI,H5N1,state,Katsina,Katsina,Domestic,Birds,Animal,110.0,31.0,79.0,0.0,31.0,,False
2008|Jul-Dec 2008|Osun|Rabies|,2008,Jul-Dec 2008,Rabies,,state,Osun,Osun,Domestic,Dogs,Animal,25.0,1.0,0.0,0.0,1.0,,False
2008|Jul-Dec 2008|Plateau|Rabies|,2008,Jul-Dec 2008,Rabies,,state,Plateau,Plateau,Domestic,Dogs,Animal,,1.0,0.0,0.0,1.0,,False
2008|Jul-Dec 2008|Taraba|Rabies|,2008,Jul-Dec 2008,Rabies,,state,Taraba,Taraba,Domestic,Dogs,Animal,,,,,,,True
2009|Jan-Jun 2009|Adamawa|Rabies|,2009,Jan-Jun 2009,Rabies,,state,Adamawa,Adamawa,Domestic,Dogs,Animal,1.0,1.0,0.0,0.0,1.0,8.0,False
2009|Jan-Jun 2009|Bauchi|Rabies|,2009,Jan-Jun 2009,Rabies,,state,Bauchi,Bauchi,Domestic,Dogs,Animal,5.0,2.0,0.0,0.0,2.0,6.0,False
2009|Jan-Jun 2009|Benue|Rabies|,2009,Jan-Jun 2009,Rabies,,state,Benue,Benue,Domestic,Dogs,Animal,,2.0,0.0,0.0,2.0,4.0,False
2009|Jan-Jun 2009|Edo|Rabies|,2009,Jan-Jun 2009,Rabies,,state,Edo,Edo,Domestic,Dogs,Animal,2.0,2.0,0.0,0.0,2.0,5.0,False
2009|Jan-Jun 2009|Federal Capital Territory|Rabies|,2009,Jan-Jun 2009,Rabies,,state,Federal Capital Territory,Federal Capital Territory,Domestic,Dogs,Animal,1.0,2.0,0.0,0.0,2.0,15.0,False
2009|Jan-Jun 2009|Federal Capital Territory|Trypanosomosis|,2009,Jan-Jun 2009,Trypanosomosis,,state,Federal Capital Territory,Federal Capital Territory,Domestic,Cattle,Animal,3615.0,5.0,0.0,0.0,2.0,,False
2009|Jan-Jun 2009|Jigawa|Rabies|,2009,Jan-Jun 2009,Rabies,,state,Jigawa,Jigawa,Domestic,Dogs,Animal,,6.0,3.0,0.0,3.0,359.0,False
2009|Jan-Jun 2009|Kano|Rabies|,2009,Jan-Jun 2009,Rabies,,state,Kano,Kano,Domestic,Dogs,Animal,1.0,1.0,0.0,0.0,1.0,18.0,False
2009|Jan-Jun 2009|Niger|Trypanosomosis|,2009,Jan-Jun 2009,Trypanosomosis,,state,Niger,Niger,Domestic,Cattle,Animal,132.0,42.0,0.0,3.0,0.0,,False
2009|Jan-Jun 2009|Ondo|Rabies|,2009,Jan-Jun 2009,Rabies,,state,Ondo,Ondo,Domestic,Dogs,Animal,,2.0,0.0,0.0,2.0,115.0,False
2009|Jul-Dec 2009|Bauchi|Rabies|,2009,Jul-Dec 2009,Rabies,,state,Bauchi,Bauchi,Domestic,Dogs,Animal,97.0,14.0,6.0,0.0,3.0,,False
2009|Jul-Dec 2009|Bauchi|Trypanosomosis|,2009,Jul-Dec 2009,Trypanosomosis,,state,Bauchi,Bauchi,Domestic,Cattle,Animal,70.0,22.0,0.0,4.0,1.0,0.0,False
2009|Jul-Dec 2009|Federal Capital Territory|Rabies|,2009,Jul-Dec 2009,Rabies,,state,Federal Capital Territory,Federal Capital Territory,Domestic,Dogs,Animal,,1.0,1.0,0.0,0.0,,False
2009|Jul-Dec 2009|Federal Capital Territory|Trypanosomosis|,2009,Jul-Dec 2009,Trypanosomosis,,state,Federal Capital Territory,Federal Capital Territory,Domestic,Cattle,Animal,123.0,23.0,0.0,0.0,0.0,,False
2009|Jul-Dec 2009|Kaduna|Rabies|,2009,Jul-Dec 2009,Rabies,,state,Kaduna,Kaduna,Domestic,Dogs,Animal,464.0,27.0,6.0,0.0,5.0,,False
2009|Jul-Dec 2009|Nasarawa|Trypanosomosis|,2009,Jul-Dec 2009,Trypanosomosis,,state,Nasarawa,Nasarawa,Domestic,Cattle,Animal,320.0,250.0,189.0,22.0,211.0,,False
2009|Jul-Dec 2009|Plateau|Rabies|,2009,Jul-Dec 2009,Rabies,,state,Plateau,Plateau,Domestic,Dogs,Animal,,,,,,,True
2009|Jul-Dec 2009|Plateau|Trypanosomosis|,2009,Jul-Dec 2009,Trypanosomosis,,state,Plateau,Plateau,Domestic,Cattle,Animal,,,,,,,True
2010|Jan-Jun 2010|Enugu|Trypanosomosis|,2010,Jan-Jun 2010,Trypanosomosis,,state,Enugu,Enugu,Domestic,Cattle,Animal,1.0,1.0,,,,,False
2010|Jan-Jun 2010|Imo|Rabies|,2010,Jan-Jun 2010,Rabies,,state,Imo,Imo,Domestic,Dogs,Animal,,1.0,0.0,0.0,1.0,,False
2010|Jan-Jun 2010|Kaduna|Rabies|,2010,Jan-Jun 2010,Rabies,,state,Kaduna,Kaduna,Domestic,Dogs,Animal,1.0,1.0,0.0,0.0,1.0,,False
2010|Jan-Jun 2010|Niger|Trypanosomosis|,2010,Jan-Jun 2010,Trypanosomosis,,state,Niger,Niger,Domestic,Cattle,Animal,120.0,35.0,0.0,6.0,5.0,,False
2010|Jan-Jun 2010|Plateau|Rabies|,2010,Jan-Jun 2010,Rabies,,state,Plateau,Plateau,Domestic,Dogs,Animal,2.0,1.0,0.0,0.0,1.0,,False
2010|Jul-Dec 2010|Bauchi|Rabies|,2010,Jul-Dec 2010,Rabies,,state,Bauchi,Bauchi,Domestic,Dogs,Animal,1.0,1.0,0.0,0.0,1.0,0.0,False
2010|Jul-Dec 2010|Enugu|Trypanosomosis|,2010,Jul-Dec 2010,Trypanosomosis,,state,Enugu,Enugu,Domestic,Cattle,Animal,45.0,35.0,0.0,0.0,10.0,,False
2010|Jul-Dec 2010|Taraba|Rabies|,2010,Jul-Dec 2010,Rabies,,state,Taraba,Taraba,Domestic,Dogs,Animal,1.0,1.0,0.0,0.0,1.0,0.0,False
2011|Jan-Jun 2011|Benue|Rabies|,2011,Jan-Jun 2011,Rabies,,state,Benue,Benue,Domestic,Dogs,Animal,1.0,1.0,0.0,0.0,1.0,0.0,False
2011|Jan-Jun 2011|Cross River|Rabies|,2011,Jan-Jun 2011,Rabies,,state,Cross River,Cross River,Domestic,Dogs,Animal,5.0,5.0,3.0,0.0,2.0,0.0,False
2011|Jan-Jun 2011|Ebonyi|Rabies|,2011,Jan-Jun 2011,Rabies,,state,Ebonyi,Ebonyi,Domestic,Dogs,Animal,1.0,1.0,0.0,0.0,1.0,0.0,False
2011|Jan-Jun 2011|Gombe|Rabies|,2011,Jan-Jun 2011,Rabies,,state,Gombe,Gombe,Domestic,Dogs,Animal,152.0,8.0,4.0,0.0,4.0,0.0,False
2011|Jan-Jun 2011|Gombe|Rabies|,2011,Jan-Jun 2011,Rabies,,state,Gombe,Gombe,Domestic,Cattle,Animal,20.0,1.0,0.0,0.0,1.0,0.0,False
2011|Jan-Jun 2011|Niger|Trypanosomosis|,2011,Jan-Jun 2011,Trypanosomosis,,state,Niger,Niger,Domestic,Cattle,Animal,30.0,7.0,0.0,0.0,0.0,,False
2011|Jan-Jun 2011|Osun|Rabies|,2011,Jan-Jun 2011,Rabies,,state,Osun,Osun,Domestic,Dogs,Animal,1.0,1.0,1.0,0.0,0.0,0.0,False
2012|Jan-Jun 2012|Benue|Rabies|,2012,Jan-Jun 2012,Rabies,,state,Benue,Benue,Domestic,Dogs,Animal,1.0,1.0,1.0,0.0,0.0,0.0,False
2012|Jan-Jun 2012|Ekiti|Rabies|,2012,Jan-Jun 2012,Rabies,,state,Ekiti,Ekiti,Domestic,Dogs,Animal,100.0,1.0,1.0,0.0,0.0,0.0,False
2012|Jan-Jun 2012|Imo|Rabies|,2012,Jan-Jun 2012,Rabies,,state,Imo,Imo,Domestic,Dogs,Animal,2.0,2.0,2.0,0.0,0.0,0.0,False
2012|Jan-Jun 2012|Kogi|Rabies|,2012,Jan-Jun 2012,Rabies,,state,Kogi,Kogi,Domestic,Dogs,Animal,30.0,1.0,1.0,0.0,0.0,0.0,False
2012|Jan-Jun 2012|Taraba|Rabies|,2012,Jan-Jun 2012,Rabies,,state,Taraba,Taraba,Domestic,Dogs,Animal,1.0,1.0,1.0,0.0,0.0,0.0,False
2012|Jul-Dec 2012|Bauchi|Rabies|not typed,2012,Jul-Dec 2012,Rabies,not typed,state,Bauchi,Bauchi,Domestic,Dogs,Animal,1575.0,1575.0,125.0,0.0,78.0,0.0,False
2012|Jul-Dec 2012|Bauchi|Rabies|not typed,2012,Jul-Dec 2012,Rabies,not typed,state,Bauchi,Bauchi,Domestic,Cattle,Animal,,,,,,,True
2012|Jul-Dec 2012|Bauchi|Rabies|RABV;not typed,2012,Jul-Dec 2012,Rabies,RABV;not typed,state,Bauchi,Bauchi,Domestic,Cattle,Animal,31.0,6.0,0.0,4.0,2.0,0.0,False
2012|Jul-Dec 2012|Bauchi|Rabies|RABV;not typed,2012,Jul-Dec 2012,Rabies,RABV;not typed,state,Bauchi,Bauchi,Domestic,Dogs,Animal,,1.0,1.0,0.0,0.0,,False
2012|Jul-Dec 2012|Cross River|Rabies|RABV,2012,Jul-Dec 2012,Rabies,RABV,state,Cross River,Cross River,Domestic,Dogs,Animal,,3.0,0.0,0.0,3.0,0.0,False
2012|Jul-Dec 2012|Ekiti|Rabies|RABV,2012,Jul-Dec 2012,Rabies,RABV,state,Ekiti,Ekiti,Domestic,Dogs,Animal,1500.0,2.0,0.0,0.0,2.0,0.0,False
2012|Jul-Dec 2012|Kaduna|Rabies|not typed,2012,Jul-Dec 2012,Rabies,not typed,state,Kaduna,Kaduna,Domestic,Dogs,Animal,12.0,1.0,0.0,0.0,1.0,0.0,False
2012|Jul-Dec 2012|Kogi|Rabies|not typed,2012,Jul-Dec 2012,Rabies,not typed,state,Kogi,Kogi,Domestic,Dogs,Animal,500.0,70.0,0.0,0.0,6.0,0.0,False
2012|Jul-Dec 2012|Niger|Trypanosomosis|,2012,Jul-Dec 2012,Trypanosomosis,,state,Niger,Niger,Domestic,Cattle,Animal,400.0,10.0,0.0,0.0,2.0,,False
2012|Jul-Dec 2012|Osun|Rabies|RABV,2012,Jul-Dec 2012,Rabies,RABV,state,Osun,Osun,Domestic,Dogs,Animal,4.0,1.0,0.0,0.0,1.0,0.0,False
2012|Jul-Dec 2012|Plateau|Rabies|not typed,2012,Jul-Dec 2012,Rabies,not typed,state,Plateau,Plateau,Domestic,Dogs,Animal,4.0,2.0,2.0,0.0,0.0,0.0,False
2013|Jan-Jun 2013|Anambra|Rabies|not typed,2013,Jan-Jun 2013,Rabies,not typed,state,Anambra,Anambra,Domestic,Dogs,Animal,5.0,3.0,0.0,0.0,3.0,2.0,False
2013|Jan-Jun 2013|Bauchi|Rabies|not typed,2013,Jan-Jun 2013,Rabies,not typed,state,Bauchi,Bauchi,Domestic,Cattle,Animal,,,,,,,True
2013|Jan-Jun 2013|Bauchi|Rabies|not typed,2013,Jan-Jun 2013,Rabies,not typed,state,Bauchi,Bauchi,Domestic,Dogs,Animal,,,,,,,True
2013|Jan-Jun 2013|Ekiti|Rabies|not typed,2013,Jan-Jun 2013,Rabies,not typed,state,Ekiti,Ekiti,Domestic,Dogs,Animal,250.0,1.0,0.0,0.0,1.0,0.0,False
2013|Jan-Jun 2013|Enugu|Trypanosomosis|,2013,Jan-Jun 2013,Trypanosomosis,,state,Enugu,Enugu,Domestic,Swine,Animal,3.0,3.0,,,,,False
2013|Jan-Jun 2013|Enugu|Trypanosomosis|,2013,Jan-Jun 2013,Trypanosomosis,,state,Enugu,Enugu,Domestic,Dogs,Animal,2.0,2.0,,,,,False
2013|Jan-Jun 2013|Enugu|Trypanosomosis|,2013,Jan-Jun 2013,Trypanosomosis,,state,Enugu,Enugu,Domestic,Goats,Animal,,2.0,,,,,False
2013|Jan-Jun 2013|Imo|Rabies|not typed,2013,Jan-Jun 2013,Rabies,not typed,state,Imo,Imo,Domestic,Dogs,Animal,1.0,1.0,0.0,0.0,1.0,0.0,False
2013|Jan-Jun 2013|Kaduna|Rabies|not typed,2013,Jan-Jun 2013,Rabies,not typed,state,Kaduna,Kaduna,Domestic,Dogs,Animal,130.0,5.0,0.0,0.0,5.0,0.0,False
2013|Jan-Jun 2013|Niger|Trypanosomosis|,2013,Jan-Jun 2013,Trypanosomosis,,state,Niger,Niger,Domestic,Cattle,Animal,299.0,54.0,0.0,6.0,0.0,,False
2013|Jan-Jun 2013|Osun|Rabies|not typed,2013,Jan-Jun 2013,Rabies,not typed,state,Osun,Osun,Domestic,Dogs,Animal,14.0,2.0,0.0,0.0,2.0,122.0,False
2013|Jan-Jun 2013|Plateau|Rabies|not typed,2013,Jan-Jun 2013,Rabies,not typed,state,Plateau,Plateau,Domestic,Dogs,Animal,1083.0,13.0,0.0,12.0,6.0,87.0,False
2013|Jul-Dec 2013|Ekiti|Rabies|not typed,2013,Jul-Dec 2013,Rabies,not typed,state,Ekiti,Ekiti,Domestic,Dogs,Animal,50.0,2.0,1.0,0.0,1.0,0.0,False
2013|Jul-Dec 2013|Niger|Rabies|not typed,2013,Jul-Dec 2013,Rabies,not typed,state,Niger,Niger,Domestic,Dogs,Animal,22.0,3.0,0.0,0.0,3.0,0.0,False
2013|Jul-Dec 2013|Niger|Trypanosomosis|,2013,Jul-Dec 2013,Trypanosomosis,,state,Niger,Niger,Domestic,Cattle,Animal,31.0,10.0,0.0,0.0,0.0,,False
2013|Jul-Dec 2013|Plateau|Rabies|not typed,2013,Jul-Dec 2013,Rabies,not typed,state,Plateau,Plateau,Domestic,Dogs,Animal,273.0,10.0,0.0,0.0,10.0,166.0,False
2014|Jan-Jun 2014|Niger|Trypanosomosis|,2014,Jan-Jun 2014,Trypanosomosis,,state,Niger,Niger,Domestic,Cattle,Animal,94.0,34.0,0.0,0.0,0.0,,False
2014|Jan-Jun 2014|Osun|Rabies|,2014,Jan-Jun 2014,Rabies,,state,Osun,Osun,Domestic,Dogs,Animal,4.0,1.0,0.0,0.0,1.0,6.0,False
2014|Jan-Jun 2014|Plateau|Rabies|,2014,Jan-Jun 2014,Rabies,,state,Plateau,Plateau,Domestic,Dogs,Animal,4.0,5.0,0.0,0.0,5.0,159.0,False
2014|Jul-Dec 2014|Nigeria|HPAI|H5 (N untyped),2014,Jul-Dec 2014,HPAI,H5 (N untyped),national,Nigeria,Nigeria,Domestic,Birds,Animal,50000.0,3300.0,0.0,0.0,3300.0,0.0,False
2014|Jul-Dec 2014|Osun|Rabies|,2014,Jul-Dec 2014,Rabies,,state,Osun,Osun,Domestic,Dogs,Animal,3.0,2.0,0.0,0.0,2.0,0.0,False
2014|Jul-Dec 2014|Plateau|Rabies|,2014,Jul-Dec 2014,Rabies,,state,Plateau,Plateau,Domestic,Dogs,Animal,10.0,1.0,0.0,0.0,1.0,0.0,False
2015|Jan-Jun 2015|Bauchi|HPAI|H5N1,2015,Jan-Jun 2015,HPAI,H5N1,state,Bauchi,Bauchi,Domestic,Birds,Animal,9688.0,548.0,8507.0,0.0,548.0,,False
2015|Jan-Jun 2015|Delta|HPAI|H5N1,2015,Jan-Jun 2015,HPAI,H5N1,state,Delta,Delta,Domestic,Birds,Animal,1950.0,1550.0,400.0,0.0,1550.0,,False
2015|Jan-Jun 2015|Edo|HPAI|H5N1,2015,Jan-Jun 2015,HPAI,H5N1,state,Edo,Edo,Domestic,Birds,Animal,410.0,200.0,0.0,0.0,200.0,,False
2015|Jan-Jun 2015|Jigawa|HPAI|H5N1,2015,Jan-Jun 2015,HPAI,H5N1,state,Jigawa,Jigawa,Domestic,Birds,Animal,1550.0,183.0,1096.0,0.0,183.0,,False
2015|Jan-Jun 2015|Kaduna|HPAI|H5N1,2015,Jan-Jun 2015,HPAI,H5N1,state,Kaduna,Kaduna,Domestic,Birds,Animal,5970.0,1315.0,665.0,0.0,715.0,,False
2015|Jan-Jun 2015|Kano|HPAI|H5N1,2015,Jan-Jun 2015,HPAI,H5N1,state,Kano,Kano,Domestic,Birds,Animal,143723.0,10071.0,75804.0,258.0,8245.0,,False
2015|Jan-Jun 2015|Lagos|HPAI|H5N1,2015,Jan-Jun 2015,HPAI,H5N1,state,Lagos,Lagos,Domestic,Birds,Animal,7570.0,1132.0,124.0,0.0,1114.0,,False
2015|Jan-Jun 2015|Nasarawa|HPAI|H5N1,2015,Jan-Jun 2015,HPAI,H5N1,state,Nasarawa,Nasarawa,Domestic,Birds,Animal,2500.0,1400.0,1100.0,0.0,1400.0,,False
2015|Jan-Jun 2015|Ogun|HPAI|H5N1,2015,Jan-Jun 2015,HPAI,H5N1,state,Ogun,Ogun,Domestic,Birds,Animal,42946.0,2738.0,36788.0,0.0,2738.0,,False
2015|Jan-Jun 2015|Osun|Rabies|,2015,Jan-Jun 2015,Rabies,,state,Osun,Osun,Domestic,Dogs,Animal,3.0,2.0,1.0,0.0,1.0,0.0,False
2015|Jan-Jun 2015|Osun|Trypanosomosis|,2015,Jan-Jun 2015,Trypanosomosis,,state,Osun,Osun,Domestic,Cattle,Animal,30.0,3.0,0.0,0.0,1.0,,False
2015|Jan-Jun 2015|Oyo|HPAI|H5N1,2015,Jan-Jun 2015,HPAI,H5N1,state,Oyo,Oyo,Domestic,Birds,Animal,15000.0,10000.0,0.0,0.0,10000.0,,False
2015|Jan-Jun 2015|Oyo|Trypanosomosis|,2015,Jan-Jun 2015,Trypanosomosis,,state,Oyo,Oyo,Domestic,Dogs,Animal,1.0,1.0,0.0,0.0,0.0,,False
2015|Jan-Jun 2015|Plateau|HPAI|H5N1,2015,Jan-Jun 2015,HPAI,H5N1,state,Plateau,Plateau,Domestic,Birds,Animal,384465.0,23584.0,343749.0,0.0,23574.0,,False
2015|Jan-Jun 2015|Rivers|HPAI|H5N1,2015,Jan-Jun 2015,HPAI,H5N1,state,Rivers,Rivers,Domestic,Birds,Animal,5250.0,1737.0,1988.0,0.0,1737.0,,False
2015|Jul-Dec 2015|Abia|HPAI|H5N1,2015,Jul-Dec 2015,HPAI,H5N1,state,Abia,Abia,Domestic,Birds,Animal,6569.0,2518.0,4032.0,0.0,2518.0,,False
2015|Jul-Dec 2015|Adamawa|Rabies|,2015,Jul-Dec 2015,Rabies,,state,Adamawa,Adamawa,Domestic,Dogs,Animal,3.0,3.0,3.0,0.0,0.0,0.0,False
2015|Jul-Dec 2015|Anambra|HPAI|H5N1,2015,Jul-Dec 2015,HPAI,H5N1,state,Anambra,Anambra,Domestic,Birds,Animal,4000.0,1000.0,0.0,0.0,1000.0,,False
2015|Jul-Dec 2015|Bayelsa|HPAI|H5N1,2015,Jul-Dec 2015,HPAI,H5N1,state,Bayelsa,Bayelsa,Domestic,Birds,Animal,22800.0,1800.0,21000.0,0.0,1800.0,,False
2015|Jul-Dec 2015|Delta|HPAI|H5N1,2015,Jul-Dec 2015,HPAI,H5N1,state,Delta,Delta,Domestic,Birds,Animal,343238.0,8373.0,335105.0,0.0,8099.0,,False
2015|Jul-Dec 2015|Edo|HPAI|H5N1,2015,Jul-Dec 2015,HPAI,H5N1,state,Edo,Edo,Domestic,Birds,Animal,11650.0,1830.0,9820.0,0.0,1830.0,,False
2015|Jul-Dec 2015|Enugu|HPAI|H5N1,2015,Jul-Dec 2015,HPAI,H5N1,state,Enugu,Enugu,Domestic,Birds,Animal,123230.0,26629.0,95449.0,0.0,26167.0,,False
2015|Jul-Dec 2015|Federal Capital Territory|HPAI|H5N1,2015,Jul-Dec 2015,HPAI,H5N1,state,Federal Capital Territory,Federal Capital Territory,Domestic,Birds,Animal,800.0,400.0,0.0,0.0,400.0,,False
2015|Jul-Dec 2015|Gombe|HPAI|H5N1,2015,Jul-Dec 2015,HPAI,H5N1,state,Gombe,Gombe,Domestic,Birds,Animal,1000.0,370.0,0.0,0.0,350.0,,False
2015|Jul-Dec 2015|Jigawa|HPAI|H5N1,2015,Jul-Dec 2015,HPAI,H5N1,state,Jigawa,Jigawa,Domestic,Birds,Animal,4000.0,1000.0,3000.0,0.0,1000.0,,False
2015|Jul-Dec 2015|Kaduna|HPAI|H5N1,2015,Jul-Dec 2015,HPAI,H5N1,state,Kaduna,Kaduna,Domestic,Birds,Animal,7500.0,1500.0,6000.0,0.0,1500.0,,False
2015|Jul-Dec 2015|Kano|HPAI|H5N1,2015,Jul-Dec 2015,HPAI,H5N1,state,Kano,Kano,Domestic,Birds,Animal,15586.0,512.0,15074.0,0.0,512.0,,False
2015|Jul-Dec 2015|Lagos|HPAI|H5N1,2015,Jul-Dec 2015,HPAI,H5N1,state,Lagos,Lagos,Domestic,Birds,Animal,71467.0,11606.0,55964.0,0.0,11606.0,,False
2015|Jul-Dec 2015|Nasarawa|HPAI|H5N1,2015,Jul-Dec 2015,HPAI,H5N1,state,Nasarawa,Nasarawa,Domestic,Birds,Animal,10000.0,1700.0,8300.0,0.0,1700.0,,False
2015|Jul-Dec 2015|Ogun|HPAI|H5N1,2015,Jul-Dec 2015,HPAI,H5N1,state,Ogun,Ogun,Domestic,Birds,Animal,2795.0,100.0,2695.0,0.0,100.0,,False
2015|Jul-Dec 2015|Osun|Trypanosomosis|,2015,Jul-Dec 2015,Trypanosomosis,,state,Osun,Osun,Domestic,Cattle,Animal,50.0,10.0,0.0,0.0,1.0,,False
2015|Jul-Dec 2015|Oyo|HPAI|H5N1,2015,Jul-Dec 2015,HPAI,H5N1,state,Oyo,Oyo,Domestic,Birds,Animal,14155.0,6477.0,7643.0,0.0,6477.0,,False
2015|Jul-Dec 2015|Rivers|HPAI|H5N1,2015,Jul-Dec 2015,HPAI,H5N1,state,Rivers,Rivers,Domestic,Birds,Animal,100428.0,17760.0,64168.0,0.0,17760.0,,False
2016|Jan-Jun 2016|Adamawa|HPAI|H5N1,2016,Jan-Jun 2016,HPAI,H5N1,state,Adamawa,Adamawa,Domestic,Birds,Animal,28900.0,3380.0,25520.0,0.0,3380.0,,False
2016|Jan-Jun 2016|Bauchi|HPAI|H5N1,2016,Jan-Jun 2016,HPAI,H5N1,state,Bauchi,Bauchi,Domestic,Birds,Animal,76411.0,4283.0,72128.0,0.0,4283.0,,False
2016|Jan-Jun 2016|Bayelsa|HPAI|H5N1,2016,Jan-Jun 2016,HPAI,H5N1,state,Bayelsa,Bayelsa,Domestic,Birds,Animal,3000.0,850.0,2150.0,0.0,850.0,,False
2016|Jan-Jun 2016|Benue|HPAI|H5N1,2016,Jan-Jun 2016,HPAI,H5N1,state,Benue,Benue,Domestic,Birds,Animal,350.0,148.0,202.0,0.0,148.0,,False
2016|Jan-Jun 2016|Delta|HPAI|H5N1,2016,Jan-Jun 2016,HPAI,H5N1,state,Delta,Delta,Domestic,Birds,Animal,1609.0,402.0,1207.0,0.0,402.0,,False
2016|Jan-Jun 2016|Ebonyi|HPAI|H5N1,2016,Jan-Jun 2016,HPAI,H5N1,state,Ebonyi,Ebonyi,Domestic,Birds,Animal,2200.0,270.0,1930.0,0.0,270.0,,False
2016|Jan-Jun 2016|Edo|HPAI|H5N1,2016,Jan-Jun 2016,HPAI,H5N1,state,Edo,Edo,Domestic,Birds,Animal,36600.0,4134.0,32466.0,0.0,4134.0,,False
2016|Jan-Jun 2016|Enugu|HPAI|H5N1,2016,Jan-Jun 2016,HPAI,H5N1,state,Enugu,Enugu,Domestic,Birds,Animal,5000.0,2385.0,2615.0,0.0,2385.0,,False
2016|Jan-Jun 2016|Federal Capital Territory|HPAI|H5N1,2016,Jan-Jun 2016,HPAI,H5N1,state,Federal Capital Territory,Federal Capital Territory,Domestic,Birds,Animal,377199.0,59797.0,317402.0,0.0,59797.0,,False
2016|Jan-Jun 2016|Jigawa|HPAI|H5N1,2016,Jan-Jun 2016,HPAI,H5N1,state,Jigawa,Jigawa,Domestic,Birds,Animal,8105.0,1550.0,6555.0,0.0,1550.0,,False
2016|Jan-Jun 2016|Kaduna|HPAI|H5N1,2016,Jan-Jun 2016,HPAI,H5N1,state,Kaduna,Kaduna,Domestic,Birds,Animal,144730.0,17156.0,127574.0,0.0,17156.0,,False
2016|Jan-Jun 2016|Kano|HPAI|H5N1,2016,Jan-Jun 2016,HPAI,H5N1,state,Kano,Kano,Domestic,Birds,Animal,472888.0,8226.0,464211.0,0.0,8226.0,,False
2016|Jan-Jun 2016|Katsina|HPAI|H5N1,2016,Jan-Jun 2016,HPAI,H5N1,state,Katsina,Katsina,Domestic,Birds,Animal,114506.0,3358.0,110948.0,0.0,3358.0,,False
2016|Jan-Jun 2016|Kebbi|HPAI|H5N1,2016,Jan-Jun 2016,HPAI,H5N1,state,Kebbi,Kebbi,Domestic,Birds,Animal,1500.0,600.0,900.0,0.0,600.0,,False
2016|Jan-Jun 2016|Lagos|HPAI|H5N1,2016,Jan-Jun 2016,HPAI,H5N1,state,Lagos,Lagos,Domestic,Birds,Animal,4000.0,1355.0,2645.0,0.0,1355.0,,False
2016|Jan-Jun 2016|Nasarawa|HPAI|H5N1,2016,Jan-Jun 2016,HPAI,H5N1,state,Nasarawa,Nasarawa,Domestic,Birds,Animal,10500.0,1635.0,8865.0,0.0,1635.0,,False
2016|Jan-Jun 2016|Plateau|HPAI|H5N1,2016,Jan-Jun 2016,HPAI,H5N1,state,Plateau,Plateau,Domestic,Birds,Animal,220151.0,11960.0,208191.0,0.0,11960.0,,False
2016|Jan-Jun 2016|Sokoto|HPAI|H5N1,2016,Jan-Jun 2016,HPAI,H5N1,state,Sokoto,Sokoto,Domestic,Birds,Animal,12000.0,2270.0,9730.0,0.0,2270.0,,False
2016|Jan-Jun 2016|Zamfara|HPAI|H5N1,2016,Jan-Jun 2016,HPAI,H5N1,state,Zamfara,Zamfara,Domestic,Birds,Animal,38398.0,3948.0,34450.0,0.0,3948.0,,False
2016|Jul-Dec 2016|Bauchi|HPAI|H5N1,2016,Jul-Dec 2016,HPAI,H5N1,state,Bauchi,Bauchi,Domestic,Birds,Animal,10214.0,378.0,940.0,0.0,378.0,,False
2016|Jul-Dec 2016|Delta|HPAI|H5N1,2016,Jul-Dec 2016,HPAI,H5N1,state,Delta,Delta,Domestic,Birds,Animal,100.0,90.0,10.0,0.0,90.0,,False
2016|Jul-Dec 2016|Federal Capital Territory|HPAI|H5N1,2016,Jul-Dec 2016,HPAI,H5N1,state,Federal Capital Territory,Federal Capital Territory,Domestic,Birds,Animal,100000.0,10000.0,90000.0,0.0,10000.0,,False
2016|Jul-Dec 2016|Kano|HPAI|H5N1;H5N8,2016,Jul-Dec 2016,HPAI,H5N1;H5N8,state,Kano,Kano,Domestic,Birds,Animal,431.0,33.0,398.0,0.0,33.0,,False
2016|Jul-Dec 2016|Kano|HPAI|H5N8,2016,Jul-Dec 2016,HPAI,H5N8,state,Kano,Kano,Domestic,Birds,Animal,,,,,,,True
2016|Jul-Dec 2016|Lagos|HPAI|H5N1,2016,Jul-Dec 2016,HPAI,H5N1,state,Lagos,Lagos,Domestic,Birds,Animal,250.0,55.0,195.0,0.0,55.0,,False
2016|Jul-Dec 2016|Oyo|HPAI|H5N1,2016,Jul-Dec 2016,HPAI,H5N1,state,Oyo,Oyo,Domestic,Birds,Animal,1647.0,886.0,0.0,0.0,886.0,,False
2016|Jul-Dec 2016|Rivers|HPAI|H5N1,2016,Jul-Dec 2016,HPAI,H5N1,state,Rivers,Rivers,Domestic,Birds,Animal,4800.0,1404.0,3396.0,0.0,1404.0,,False
2016|Jul-Dec 2016|Sokoto|Rabies|,2016,Jul-Dec 2016,Rabies,,state,Sokoto,Sokoto,Domestic,Dogs,Animal,5.0,1.0,0.0,0.0,1.0,0.0,False
2017|Jan-Jun 2017|Adamawa|HPAI|H5N1,2017,Jan-Jun 2017,HPAI,H5N1,state,Adamawa,Adamawa,Domestic,Birds,Animal,200.0,50.0,150.0,0.0,50.0,,False
2017|Jan-Jun 2017|Bauchi|HPAI|H5N1,2017,Jan-Jun 2017,HPAI,H5N1,state,Bauchi,Bauchi,Domestic,Birds,Animal,66665.0,13652.0,53013.0,0.0,13652.0,,False
2017|Jan-Jun 2017|Edo|HPAI|H5N1,2017,Jan-Jun 2017,HPAI,H5N1,state,Edo,Edo,Domestic,Birds,Animal,8100.0,10.0,0.0,0.0,10.0,,False
2017|Jan-Jun 2017|Federal Capital Territory|HPAI|H5N1,2017,Jan-Jun 2017,HPAI,H5N1,state,Federal Capital Territory,Federal Capital Territory,Domestic,Birds,Animal,130000.0,265.0,129735.0,0.0,265.0,,False
2017|Jan-Jun 2017|Gombe|Trypanosomosis|,2017,Jan-Jun 2017,Trypanosomosis,,state,Gombe,Gombe,Domestic,Cattle,Animal,23.0,1.0,0.0,0.0,0.0,,False
2017|Jan-Jun 2017|Kaduna|HPAI|H5N1,2017,Jan-Jun 2017,HPAI,H5N1,state,Kaduna,Kaduna,Domestic,Birds,Animal,19700.0,2947.0,16753.0,0.0,2947.0,,False
2017|Jan-Jun 2017|Kaduna|Rabies|,2017,Jan-Jun 2017,Rabies,,state,Kaduna,Kaduna,Domestic,Cattle,Animal,35.0,2.0,0.0,1.0,1.0,0.0,False
2017|Jan-Jun 2017|Kaduna|Rabies|,2017,Jan-Jun 2017,Rabies,,state,Kaduna,Kaduna,Domestic,Dogs,Animal,1.0,1.0,0.0,0.0,1.0,3000.0,False
2017|Jan-Jun 2017|Kano|HPAI|H5N1,2017,Jan-Jun 2017,HPAI,H5N1,state,Kano,Kano,Domestic,Birds,Animal,13000.0,800.0,1200.0,0.0,800.0,,False
2017|Jan-Jun 2017|Kano|HPAI|H5N8,2017,Jan-Jun 2017,HPAI,H5N8,state,Kano,Kano,Domestic,Birds,Animal,4.0,4.0,0.0,0.0,0.0,,False
2017|Jan-Jun 2017|Katsina|HPAI|H5N1,2017,Jan-Jun 2017,HPAI,H5N1,state,Katsina,Katsina,Domestic,Birds,Animal,3198.0,320.0,2878.0,0.0,320.0,,False
2017|Jan-Jun 2017|Nasarawa|HPAI|H5N1,2017,Jan-Jun 2017,HPAI,H5N1,state,Nasarawa,Nasarawa,Domestic,Birds,Animal,3200.0,9.0,3191.0,0.0,9.0,,False
2017|Jan-Jun 2017|Plateau|HPAI|H5N1,2017,Jan-Jun 2017,HPAI,H5N1,state,Plateau,Plateau,Domestic,Birds,Animal,70917.0,1497.0,67949.0,1490.0,1167.0,,False
2017|Jan-Jun 2017|Plateau|Rabies|,2017,Jan-Jun 2017,Rabies,,state,Plateau,Plateau,Domestic,Dogs,Animal,1.0,1.0,0.0,0.0,1.0,0.0,False
2017|Jan-Jun 2017|Rivers|HPAI|H5N1,2017,Jan-Jun 2017,HPAI,H5N1,state,Rivers,Rivers,Domestic,Birds,Animal,,,,,,,True
2017|Jul-Dec 2017|Bauchi|HPAI|H5N1,2017,Jul-Dec 2017,HPAI,H5N1,state,Bauchi,Bauchi,Domestic,Birds,Animal,,,,,,,True
2017|Jul-Dec 2017|Bauchi|Rabies|,2017,Jul-Dec 2017,Rabies,,state,Bauchi,Bauchi,Domestic,Dogs,Animal,55.0,4.0,1.0,0.0,3.0,0.0,False
2017|Jul-Dec 2017|Benue|Rabies|,2017,Jul-Dec 2017,Rabies,,state,Benue,Benue,Domestic,Dogs,Animal,1.0,1.0,0.0,0.0,1.0,0.0,False
2017|Jul-Dec 2017|Gombe|Trypanosomosis|,2017,Jul-Dec 2017,Trypanosomosis,,state,Gombe,Gombe,Domestic,Cattle,Animal,23.0,1.0,0.0,0.0,0.0,,False
2017|Jul-Dec 2017|Kaduna|Rabies|,2017,Jul-Dec 2017,Rabies,,state,Kaduna,Kaduna,Domestic,Dogs,Animal,49.0,5.0,3.0,0.0,2.0,0.0,False
2017|Jul-Dec 2017|Kano|Rabies|,2017,Jul-Dec 2017,Rabies,,state,Kano,Kano,Domestic,Dogs,Animal,25.0,2.0,2.0,0.0,0.0,0.0,False
2017|Jul-Dec 2017|Kwara|Rabies|,2017,Jul-Dec 2017,Rabies,,state,Kwara,Kwara,Domestic,Dogs,Animal,32.0,1.0,0.0,0.0,1.0,0.0,False
2017|Jul-Dec 2017|Ogun|HPAI|H5N8,2017,Jul-Dec 2017,HPAI,H5N8,state,Ogun,Ogun,Domestic,Birds,Animal,100000.0,150.0,9450.0,0.0,150.0,,False
2017|Jul-Dec 2017|Plateau|Rabies|,2017,Jul-Dec 2017,Rabies,,state,Plateau,Plateau,Domestic,Dogs,Animal,519.0,35.0,21.0,0.0,14.0,0.0,False
2017|Jul-Dec 2017|Rivers|HPAI|H5N1,2017,Jul-Dec 2017,HPAI,H5N1,state,Rivers,Rivers,Domestic,Birds,Animal,,,,,,,True
2018|Jan-Jun 2018|Adamawa|Rabies|,2018,Jan-Jun 2018,Rabies,,state,Adamawa,Adamawa,Domestic,Dogs,Animal,,1.0,0.0,0.0,1.0,0.0,False
2018|Jan-Jun 2018|Kaduna|Rabies|,2018,Jan-Jun 2018,Rabies,,state,Kaduna,Kaduna,Domestic,Dogs,Animal,,2.0,0.0,0.0,2.0,0.0,False
2018|Jan-Jun 2018|Kano|Rabies|,2018,Jan-Jun 2018,Rabies,,state,Kano,Kano,Domestic,Dogs,Animal,,3.0,1.0,0.0,2.0,0.0,False
2018|Jan-Jun 2018|Kwara|Rabies|,2018,Jan-Jun 2018,Rabies,,state,Kwara,Kwara,Domestic,Dogs,Animal,2.0,1.0,0.0,0.0,1.0,0.0,False
2018|Jan-Jun 2018|Kwara|Trypanosomosis|,2018,Jan-Jun 2018,Trypanosomosis,,state,Kwara,Kwara,Domestic,Cattle,Animal,332.0,56.0,0.0,0.0,0.0,,False
2018|Jan-Jun 2018|Nasarawa|HPAI|H5N8,2018,Jan-Jun 2018,HPAI,H5N8,state,Nasarawa,Nasarawa,Domestic,Birds,Animal,1150.0,1105.0,45.0,0.0,1105.0,,False
2018|Jan-Jun 2018|Plateau|Rabies|,2018,Jan-Jun 2018,Rabies,,state,Plateau,Plateau,Domestic,Dogs,Animal,77.0,25.0,0.0,0.0,25.0,0.0,False
2018|Jan-Jun 2018|Plateau|Rabies|,2018,Jan-Jun 2018,Rabies,,state,Plateau,Plateau,Domestic,Cats,Animal,1.0,1.0,0.0,0.0,1.0,0.0,False
2018|Jul-Dec 2018|Bauchi|Rabies|,2018,Jul-Dec 2018,Rabies,,state,Bauchi,Bauchi,Domestic,Dogs,Animal,,3.0,0.0,0.0,3.0,0.0,False
2018|Jul-Dec 2018|Bayelsa|Rabies|,2018,Jul-Dec 2018,Rabies,,state,Bayelsa,Bayelsa,Domestic,Dogs,Animal,,1.0,0.0,0.0,1.0,0.0,False
2018|Jul-Dec 2018|Benue|Rabies|,2018,Jul-Dec 2018,Rabies,,state,Benue,Benue,Domestic,Dogs,Animal,,2.0,0.0,0.0,2.0,0.0,False
2018|Jul-Dec 2018|Federal Capital Territory|Rabies|,2018,Jul-Dec 2018,Rabies,,state,Federal Capital Territory,Federal Capital Territory,Domestic,Dogs,Animal,,1.0,0.0,0.0,1.0,0.0,False
2018|Jul-Dec 2018|Kaduna|Rabies|,2018,Jul-Dec 2018,Rabies,,state,Kaduna,Kaduna,Domestic,Dogs,Animal,,6.0,0.0,0.0,6.0,0.0,False
2018|Jul-Dec 2018|Kano|Rabies|,2018,Jul-Dec 2018,Rabies,,state,Kano,Kano,Domestic,Dogs,Animal,,4.0,1.0,0.0,3.0,0.0,False
2018|Jul-Dec 2018|Kebbi|Rabies|,2018,Jul-Dec 2018,Rabies,,state,Kebbi,Kebbi,Domestic,Dogs,Animal,500.0,9.0,2.0,0.0,7.0,80.0,False
2018|Jul-Dec 2018|Kwara|Trypanosomosis|,2018,Jul-Dec 2018,Trypanosomosis,,state,Kwara,Kwara,Domestic,Cattle,Animal,45.0,3.0,0.0,0.0,0.0,0.0,False
2018|Jul-Dec 2018|Plateau|Rabies|,2018,Jul-Dec 2018,Rabies,,state,Plateau,Plateau,Domestic,Dogs,Animal,,40.0,6.0,5.0,29.0,0.0,False
2019|Jan-Jun 2019|Bauchi|Rabies|,2019,Jan-Jun 2019,Rabies,,state,Bauchi,Bauchi,Domestic,Dogs,Animal,,2.0,0.0,0.0,2.0,0.0,False
2019|Jan-Jun 2019|Bayelsa|Rabies|,2019,Jan-Jun 2019,Rabies,,state,Bayelsa,Bayelsa,Domestic,Dogs,Animal,50.0,7.0,4.0,0.0,3.0,2.0,False
2019|Jan-Jun 2019|Edo|HPAI|H5N8,2019,Jan-Jun 2019,HPAI,H5N8,state,Edo,Edo,Domestic,Birds,Animal,1500.0,290.0,1250.0,0.0,250.0,,False
2019|Jan-Jun 2019|Kaduna|Rabies|,2019,Jan-Jun 2019,Rabies,,state,Kaduna,Kaduna,Domestic,Dogs,Animal,2.0,2.0,0.0,0.0,2.0,205.0,False
2019|Jan-Jun 2019|Kano|Rabies|,2019,Jan-Jun 2019,Rabies,,state,Kano,Kano,Domestic,Dogs,Animal,,1.0,0.0,0.0,1.0,0.0,False
2019|Jan-Jun 2019|Kwara|Trypanosomosis|,2019,Jan-Jun 2019,Trypanosomosis,,state,Kwara,Kwara,Domestic,Cattle,Animal,133.0,8.0,0.0,0.0,2.0,,False
2019|Jan-Jun 2019|Ondo|Trypanosomosis|,2019,Jan-Jun 2019,Trypanosomosis,,state,Ondo,Ondo,Domestic,Cattle,Animal,900.0,3.0,0.0,0.0,0.0,,False
2019|Jan-Jun 2019|Plateau|Rabies|,2019,Jan-Jun 2019,Rabies,,state,Plateau,Plateau,Domestic,Dogs,Animal,16.0,34.0,0.0,0.0,34.0,0.0,False
2019|Jan-Jun 2019|Zamfara|Trypanosomosis|,2019,Jan-Jun 2019,Trypanosomosis,,state,Zamfara,Zamfara,Domestic,Cattle,Animal,16.0,9.0,0.0,0.0,1.0,0.0,False
2019|Jul-Dec 2019|Anambra|Trypanosomosis|,2019,Jul-Dec 2019,Trypanosomosis,,state,Anambra,Anambra,Domestic,Dogs,Animal,22.0,3.0,0.0,0.0,0.0,,False
2019|Jul-Dec 2019|Bauchi|Rabies|,2019,Jul-Dec 2019,Rabies,,state,Bauchi,Bauchi,Domestic,Dogs,Animal,4.0,4.0,0.0,0.0,4.0,0.0,False
2019|Jul-Dec 2019|Bayelsa|Rabies|,2019,Jul-Dec 2019,Rabies,,state,Bayelsa,Bayelsa,Domestic,Dogs,Animal,2.0,2.0,1.0,0.0,1.0,0.0,False
2019|Jul-Dec 2019|Edo|Rabies|,2019,Jul-Dec 2019,Rabies,,state,Edo,Edo,Domestic,Dogs,Animal,3.0,3.0,0.0,0.0,1.0,0.0,False
2019|Jul-Dec 2019|Federal Capital Territory|Rabies|,2019,Jul-Dec 2019,Rabies,,state,Federal Capital Territory,Federal Capital Territory,Domestic,Dogs,Animal,10.0,1.0,0.0,0.0,1.0,0.0,False
2019|Jul-Dec 2019|Kaduna|Rabies|,2019,Jul-Dec 2019,Rabies,,state,Kaduna,Kaduna,Domestic,Dogs,Animal,7.0,7.0,1.0,1.0,5.0,0.0,False
2019|Jul-Dec 2019|Kano|Rabies|,2019,Jul-Dec 2019,Rabies,,state,Kano,Kano,Domestic,Dogs,Animal,2.0,2.0,2.0,0.0,0.0,0.0,False
2019|Jul-Dec 2019|Katsina|Rabies|,2019,Jul-Dec 2019,Rabies,,state,Katsina,Katsina,Domestic,Dogs,Animal,1.0,1.0,0.0,0.0,1.0,0.0,False
2019|Jul-Dec 2019|Kebbi|Rabies|,2019,Jul-Dec 2019,Rabies,,state,Kebbi,Kebbi,Domestic,Dogs,Animal,250.0,1.0,0.0,0.0,1.0,1.0,False
2019|Jul-Dec 2019|Kebbi|Rabies|,2019,Jul-Dec 2019,Rabies,,state,Kebbi,Kebbi,Domestic,Cats,Animal,70.0,1.0,0.0,0.0,1.0,0.0,False
2019|Jul-Dec 2019|Kebbi|Rabies|,2019,Jul-Dec 2019,Rabies,,state,Kebbi,Kebbi,Wild,Crab-eating macaque,Animal,1.0,1.0,1.0,0.0,0.0,,False
2019|Jul-Dec 2019|Kwara|Rabies|,2019,Jul-Dec 2019,Rabies,,state,Kwara,Kwara,Domestic,Dogs,Animal,,1.0,1.0,0.0,0.0,0.0,False
2019|Jul-Dec 2019|Niger|Trypanosomosis|,2019,Jul-Dec 2019,Trypanosomosis,,state,Niger,Niger,Domestic,Cattle,Animal,177.0,19.0,0.0,0.0,0.0,0.0,False
2019|Jul-Dec 2019|Ondo|Trypanosomosis|,2019,Jul-Dec 2019,Trypanosomosis,,state,Ondo,Ondo,Domestic,Cattle,Animal,1350.0,2.0,0.0,0.0,0.0,,False
2019|Jul-Dec 2019|Osun|Rabies|,2019,Jul-Dec 2019,Rabies,,state,Osun,Osun,Domestic,Dogs,Animal,2.0,2.0,0.0,0.0,2.0,0.0,False
2019|Jul-Dec 2019|Plateau|Rabies|,2019,Jul-Dec 2019,Rabies,,state,Plateau,Plateau,Domestic,Dogs,Animal,14.0,14.0,0.0,2.0,12.0,0.0,False
2019|Jul-Dec 2019|Sokoto|HPAI|H5N6,2019,Jul-Dec 2019,HPAI,H5N6,state,Sokoto,Sokoto,Domestic,Birds,Animal,,,,,,,True
2019|Jul-Dec 2019|Yobe|Rabies|,2019,Jul-Dec 2019,Rabies,,state,Yobe,Yobe,Domestic,Dogs,Animal,,2.0,0.0,0.0,2.0,0.0,False
2020|Jan-Jun 2020|Anambra|Trypanosomosis|,2020,Jan-Jun 2020,Trypanosomosis,,state,Anambra,Anambra,Domestic,Cattle,Animal,30.0,2.0,0.0,0.0,0.0,0.0,False
2020|Jan-Jun 2020|Bauchi|Rabies|RABV,2020,Jan-Jun 2020,Rabies,RABV,state,Bauchi,Bauchi,Domestic,Dogs,Animal,122.0,4.0,2.0,0.0,2.0,0.0,False
2020|Jan-Jun 2020|Bayelsa|Rabies|RABV,2020,Jan-Jun 2020,Rabies,RABV,state,Bayelsa,Bayelsa,Domestic,Dogs,Animal,3.0,2.0,0.0,0.0,1.0,0.0,False
2020|Jan-Jun 2020|Ebonyi|Rabies|RABV,2020,Jan-Jun 2020,Rabies,RABV,state,Ebonyi,Ebonyi,Domestic,Dogs,Animal,47.0,1.0,0.0,0.0,1.0,0.0,False
2020|Jan-Jun 2020|Gombe|Rabies|RABV,2020,Jan-Jun 2020,Rabies,RABV,state,Gombe,Gombe,Domestic,Dogs,Animal,40.0,1.0,0.0,0.0,1.0,0.0,False
2020|Jan-Jun 2020|Kaduna|Rabies|RABV,2020,Jan-Jun 2020,Rabies,RABV,state,Kaduna,Kaduna,Domestic,Dogs,Animal,93.0,3.0,2.0,0.0,1.0,0.0,False
2020|Jan-Jun 2020|Kano|Rabies|RABV,2020,Jan-Jun 2020,Rabies,RABV,state,Kano,Kano,Domestic,Dogs,Animal,213.0,5.0,1.0,0.0,4.0,0.0,False
2020|Jan-Jun 2020|Katsina|Rabies|RABV,2020,Jan-Jun 2020,Rabies,RABV,state,Katsina,Katsina,Domestic,Dogs,Animal,93.0,3.0,2.0,0.0,1.0,0.0,False
2020|Jan-Jun 2020|Kebbi|Rabies|RABV,2020,Jan-Jun 2020,Rabies,RABV,state,Kebbi,Kebbi,Domestic,Cattle,Animal,300.0,2.0,0.0,0.0,2.0,0.0,False
2020|Jan-Jun 2020|Kebbi|Rabies|RABV,2020,Jan-Jun 2020,Rabies,RABV,state,Kebbi,Kebbi,Domestic,Dogs,Animal,20.0,1.0,0.0,0.0,1.0,0.0,False
2020|Jan-Jun 2020|Niger|Trypanosomosis|,2020,Jan-Jun 2020,Trypanosomosis,,state,Niger,Niger,Domestic,Cattle,Animal,30.0,12.0,0.0,0.0,0.0,0.0,False
2020|Jan-Jun 2020|Ogun|Rabies|RABV,2020,Jan-Jun 2020,Rabies,RABV,state,Ogun,Ogun,Domestic,Dogs,Animal,21.0,1.0,0.0,0.0,1.0,0.0,False
2020|Jan-Jun 2020|Ondo|Trypanosomosis|,2020,Jan-Jun 2020,Trypanosomosis,,state,Ondo,Ondo,Domestic,Cattle,Animal,1100.0,2.0,0.0,0.0,0.0,0.0,False
2020|Jan-Jun 2020|Plateau|Rabies|RABV,2020,Jan-Jun 2020,Rabies,RABV,state,Plateau,Plateau,Domestic,Dogs,Animal,762.0,23.0,7.0,0.0,15.0,0.0,False
2020|Jan-Jun 2020|Zamfara|Trypanosomosis|,2020,Jan-Jun 2020,Trypanosomosis,,state,Zamfara,Zamfara,Domestic,Cattle,Animal,30.0,7.0,0.0,0.0,0.0,0.0,False
2020|Jul-Dec 2020|Akwa Ibom|Rabies|RABV,2020,Jul-Dec 2020,Rabies,RABV,state,Akwa Ibom,Akwa Ibom,Domestic,Swine,Animal,35.0,3.0,2.0,0.0,1.0,0.0,False
2020|Jul-Dec 2020|Akwa Ibom|Rabies|RABV,2020,Jul-Dec 2020,Rabies,RABV,state,Akwa Ibom,Akwa Ibom,Domestic,Dogs,Animal,24.0,3.0,0.0,0.0,3.0,0.0,False
2020|Jul-Dec 2020|Bauchi|Rabies|RABV,2020,Jul-Dec 2020,Rabies,RABV,state,Bauchi,Bauchi,Domestic,Dogs,Animal,125.0,7.0,0.0,0.0,5.0,0.0,False
2020|Jul-Dec 2020|Bauchi|Rabies|RABV,2020,Jul-Dec 2020,Rabies,RABV,state,Bauchi,Bauchi,Domestic,Cats,Animal,4.0,1.0,0.0,0.0,0.0,0.0,False
2020|Jul-Dec 2020|Benue|Rabies|RABV,2020,Jul-Dec 2020,Rabies,RABV,state,Benue,Benue,Domestic,Dogs,Animal,13.0,1.0,1.0,0.0,0.0,0.0,False
2020|Jul-Dec 2020|Borno|Rabies|RABV,2020,Jul-Dec 2020,Rabies,RABV,state,Borno,Borno,Domestic,Dogs,Animal,5.0,1.0,0.0,0.0,1.0,0.0,False
2020|Jul-Dec 2020|Gombe|Rabies|RABV,2020,Jul-Dec 2020,Rabies,RABV,state,Gombe,Gombe,Domestic,Dogs,Animal,30.0,2.0,1.0,0.0,1.0,0.0,False
2020|Jul-Dec 2020|Gombe|Rabies|RABV,2020,Jul-Dec 2020,Rabies,RABV,state,Gombe,Gombe,Domestic,Cats,Animal,3.0,1.0,1.0,0.0,0.0,0.0,False
2020|Jul-Dec 2020|Kaduna|Rabies|RABV,2020,Jul-Dec 2020,Rabies,RABV,state,Kaduna,Kaduna,Domestic,Dogs,Animal,389.0,10.0,3.0,0.0,6.0,0.0,False
2020|Jul-Dec 2020|Kano|HPAI|H5N1,2020,Jul-Dec 2020,HPAI,H5N1,state,Kano,Kano,Domestic,Birds,Animal,63.0,,2.0,0.0,61.0,,False
2020|Jul-Dec 2020|Kano|Rabies|RABV,2020,Jul-Dec 2020,Rabies,RABV,state,Kano,Kano,Domestic,Dogs,Animal,105.0,3.0,1.0,0.0,2.0,0.0,False
2020|Jul-Dec 2020|Katsina|Rabies|RABV,2020,Jul-Dec 2020,Rabies,RABV,state,Katsina,Katsina,Domestic,Dogs,Animal,24.0,1.0,1.0,0.0,0.0,0.0,False
2020|Jul-Dec 2020|Kwara|Rabies|RABV,2020,Jul-Dec 2020,Rabies,RABV,state,Kwara,Kwara,Domestic,Dogs,Animal,15.0,1.0,0.0,0.0,1.0,0.0,False
2020|Jul-Dec 2020|Niger|Trypanosomosis|,2020,Jul-Dec 2020,Trypanosomosis,,state,Niger,Niger,Domestic,Cattle,Animal,197.0,64.0,0.0,0.0,0.0,0.0,False
2020|Jul-Dec 2020|Niger|Trypanosomosis|,2020,Jul-Dec 2020,Trypanosomosis,,state,Niger,Niger,Domestic,Sheep,Animal,9.0,2.0,0.0,0.0,0.0,0.0,False
2020|Jul-Dec 2020|Oyo|Rabies|RABV,2020,Jul-Dec 2020,Rabies,RABV,state,Oyo,Oyo,Domestic,Dogs,Animal,180.0,5.0,1.0,0.0,4.0,0.0,False
2020|Jul-Dec 2020|Plateau|Rabies|RABV,2020,Jul-Dec 2020,Rabies,RABV,state,Plateau,Plateau,Domestic,Dogs,Animal,1195.0,28.0,9.0,0.0,20.0,0.0,False
2020|Jul-Dec 2020|Plateau|Rabies|RABV,2020,Jul-Dec 2020,Rabies,RABV,state,Plateau,Plateau,Domestic,Rabbits,Animal,20.0,1.0,0.0,0.0,1.0,0.0,False
2021|Jan-Jun 2021|Bauchi|HPAI|H5N1,2021,Jan-Jun 2021,HPAI,H5N1,state,Bauchi,Bauchi,Domestic,Birds,Animal,46896.0,44850.0,43872.0,0.0,3024.0,0.0,False
2021|Jan-Jun 2021|Bauchi|Rabies|RABV,2021,Jan-Jun 2021,Rabies,RABV,state,Bauchi,Bauchi,Domestic,Dogs,Animal,41.0,3.0,1.0,0.0,2.0,0.0,False
2021|Jan-Jun 2021|Bauchi|Rabies|RABV,2021,Jan-Jun 2021,Rabies,RABV,state,Bauchi,Bauchi,Domestic,Sheep,Animal,5.0,1.0,1.0,0.0,,,False
2021|Jan-Jun 2021|Bayelsa|HPAI|H5N1,2021,Jan-Jun 2021,HPAI,H5N1,state,Bayelsa,Bayelsa,Domestic,Birds,Animal,2200.0,2200.0,0.0,0.0,850.0,0.0,False
2021|Jan-Jun 2021|Bayelsa|Rabies|RABV,2021,Jan-Jun 2021,Rabies,RABV,state,Bayelsa,Bayelsa,Domestic,Dogs,Animal,5.0,3.0,0.0,0.0,3.0,0.0,False
2021|Jan-Jun 2021|Benue|Rabies|RABV,2021,Jan-Jun 2021,Rabies,RABV,state,Benue,Benue,Domestic,Dogs,Animal,24.0,2.0,2.0,0.0,0.0,0.0,False
2021|Jan-Jun 2021|Delta|HPAI|H5N1,2021,Jan-Jun 2021,HPAI,H5N1,state,Delta,Delta,Domestic,Birds,Animal,82020.0,82020.0,0.0,0.0,34070.0,0.0,False
2021|Jan-Jun 2021|Delta|Rabies|RABV,2021,Jan-Jun 2021,Rabies,RABV,state,Delta,Delta,Domestic,Dogs,Animal,16.0,1.0,1.0,0.0,0.0,0.0,False
2021|Jan-Jun 2021|Edo|HPAI|H5N1,2021,Jan-Jun 2021,HPAI,H5N1,state,Edo,Edo,Domestic,Birds,Animal,2800.0,2800.0,1500.0,0.0,1300.0,0.0,False
2021|Jan-Jun 2021|Federal Capital Territory|Rabies|RABV,2021,Jan-Jun 2021,Rabies,RABV,state,Federal Capital Territory,Federal Capital Territory,Domestic,Dogs,Animal,2.0,1.0,1.0,0.0,1.0,1.0,False
2021|Jan-Jun 2021|Gombe|HPAI|H5N1,2021,Jan-Jun 2021,HPAI,H5N1,state,Gombe,Gombe,Domestic,Birds,Animal,2780.0,2780.0,596.0,0.0,2184.0,0.0,False
2021|Jan-Jun 2021|Gombe|Rabies|RABV,2021,Jan-Jun 2021,Rabies,RABV,state,Gombe,Gombe,Domestic,Dogs,Animal,20.0,1.0,1.0,0.0,0.0,0.0,False
2021|Jan-Jun 2021|Jigawa|Trypanosomosis|,2021,Jan-Jun 2021,Trypanosomosis,,state,Jigawa,Jigawa,Domestic,Cattle,Animal,279.0,57.0,0.0,0.0,0.0,0.0,False
2021|Jan-Jun 2021|Kaduna|HPAI|H5N1,2021,Jan-Jun 2021,HPAI,H5N1,state,Kaduna,Kaduna,Domestic,Birds,Animal,10505.0,3600.0,8469.0,0.0,2036.0,0.0,False
2021|Jan-Jun 2021|Kaduna|Rabies|RABV,2021,Jan-Jun 2021,Rabies,RABV,state,Kaduna,Kaduna,Domestic,Dogs,Animal,23.0,11.0,1.0,0.0,10.0,0.0,False
2021|Jan-Jun 2021|Kano|HPAI|H5N1,2021,Jan-Jun 2021,HPAI,H5N1,state,Kano,Kano,Domestic,Birds,Animal,226567.0,223160.0,212557.0,0.0,14010.0,0.0,False
2021|Jan-Jun 2021|Kano|Rabies|RABV,2021,Jan-Jun 2021,Rabies,RABV,state,Kano,Kano,Domestic,Dogs,Animal,119.0,3.0,1.0,0.0,2.0,0.0,False
2021|Jan-Jun 2021|Kano|Rabies|RABV,2021,Jan-Jun 2021,Rabies,RABV,state,Kano,Kano,Domestic,Cattle,Animal,1.0,1.0,,0.0,1.0,0.0,False
2021|Jan-Jun 2021|Kogi|Trypanosomosis|,2021,Jan-Jun 2021,Trypanosomosis,,state,Kogi,Kogi,Domestic,Cattle,Animal,5.0,2.0,0.0,0.0,0.0,0.0,False
2021|Jan-Jun 2021|Kwara|Trypanosomosis|,2021,Jan-Jun 2021,Trypanosomosis,,state,Kwara,Kwara,Domestic,Cattle,Animal,50.0,50.0,0.0,0.0,0.0,0.0,False
2021|Jan-Jun 2021|Lagos|HPAI|H5N1,2021,Jan-Jun 2021,HPAI,H5N1,state,Lagos,Lagos,Domestic,Birds,Animal,12.0,12.0,8.0,0.0,4.0,0.0,False
2021|Jan-Jun 2021|Lagos|Rabies|RABV,2021,Jan-Jun 2021,Rabies,RABV,state,Lagos,Lagos,Domestic,Dogs,Animal,5.0,3.0,2.0,0.0,1.0,0.0,False
2021|Jan-Jun 2021|Lagos|Trypanosomosis|,2021,Jan-Jun 2021,Trypanosomosis,,state,Lagos,Lagos,Domestic,Cattle,Animal,7.0,2.0,0.0,0.0,0.0,0.0,False
2021|Jan-Jun 2021|Nassarawa|HPAI|H5N1,2021,Jan-Jun 2021,HPAI,H5N1,state,Nassarawa,Nasarawa,Domestic,Birds,Animal,7000.0,7000.0,4450.0,0.0,2550.0,0.0,False
2021|Jan-Jun 2021|Niger|HPAI|H5N1,2021,Jan-Jun 2021,HPAI,H5N1,state,Niger,Niger,Domestic,Birds,Animal,1500.0,1500.0,698.0,0.0,802.0,0.0,False
2021|Jan-Jun 2021|Niger|Rabies|RABV,2021,Jan-Jun 2021,Rabies,RABV,state,Niger,Niger,Domestic,Dogs,Animal,12.0,1.0,1.0,,0.0,0.0,False
2021|Jan-Jun 2021|Niger|Trypanosomosis|,2021,Jan-Jun 2021,Trypanosomosis,,state,Niger,Niger,Domestic,Cattle,Animal,47.0,23.0,0.0,0.0,1.0,0.0,False
2021|Jan-Jun 2021|Plateau|HPAI|H5N1,2021,Jan-Jun 2021,HPAI,H5N1,state,Plateau,Plateau,Domestic,Birds,Animal,104510.0,104510.0,87105.0,0.0,17405.0,0.0,False
2021|Jan-Jun 2021|Plateau|Rabies|RABV,2021,Jan-Jun 2021,Rabies,RABV,state,Plateau,Plateau,Domestic,Dogs,Animal,1496.0,40.0,17.0,0.0,22.0,9.0,False
2021|Jan-Jun 2021|Plateau|Rabies|RABV,2021,Jan-Jun 2021,Rabies,RABV,state,Plateau,Plateau,Domestic,Cats,Animal,1.0,1.0,1.0,0.0,0.0,0.0,False
2021|Jul-Dec 2021|Abia|HPAI|H5N1,2021,Jul-Dec 2021,HPAI,H5N1,state,Abia,Abia,Domestic,Birds,Animal,7500.0,7500.0,3200.0,0.0,4300.0,0.0,False
2021|Jul-Dec 2021|Akwa Ibom|HPAI|H5N1,2021,Jul-Dec 2021,HPAI,H5N1,state,Akwa Ibom,Akwa Ibom,Domestic,Birds,Animal,4964.0,4964.0,1000.0,0.0,3964.0,0.0,False
2021|Jul-Dec 2021|Anambra|HPAI|H5N1,2021,Jul-Dec 2021,HPAI,H5N1,state,Anambra,Anambra,Domestic,Birds,Animal,11500.0,11500.0,7700.0,0.0,3800.0,0.0,False
2021|Jul-Dec 2021|Anambra|Trypanosomosis|,2021,Jul-Dec 2021,Trypanosomosis,,state,Anambra,Anambra,Domestic,Goats,Animal,10.0,10.0,0.0,0.0,6.0,0.0,False
2021|Jul-Dec 2021|Bauchi|HPAI|H5N1,2021,Jul-Dec 2021,HPAI,H5N1,state,Bauchi,Bauchi,Domestic,Birds,Animal,32517.0,32517.0,29813.0,0.0,2704.0,0.0,False
2021|Jul-Dec 2021|Bauchi|Rabies|RABV,2021,Jul-Dec 2021,Rabies,RABV,state,Bauchi,Bauchi,Domestic,Dogs,Animal,451.0,10.0,5.0,0.0,5.0,0.0,False
2021|Jul-Dec 2021|Bauchi|Trypanosomosis|,2021,Jul-Dec 2021,Trypanosomosis,,state,Bauchi,Bauchi,Domestic,Cattle,Animal,331.0,167.0,0.0,9.0,15.0,0.0,False
2021|Jul-Dec 2021|Bayelsa|HPAI|H5N1,2021,Jul-Dec 2021,HPAI,H5N1,state,Bayelsa,Bayelsa,Domestic,Birds,Animal,11300.0,11300.0,7060.0,0.0,4240.0,0.0,False
2021|Jul-Dec 2021|Benue|Rabies|RABV,2021,Jul-Dec 2021,Rabies,RABV,state,Benue,Benue,Domestic,Dogs,Animal,109.0,3.0,3.0,0.0,0.0,0.0,False
2021|Jul-Dec 2021|Delta|HPAI|H5N1,2021,Jul-Dec 2021,HPAI,H5N1,state,Delta,Delta,Domestic,Birds,Animal,286299.0,286299.0,187031.0,0.0,99268.0,0.0,False
2021|Jul-Dec 2021|Delta|Rabies|RABV,2021,Jul-Dec 2021,Rabies,RABV,state,Delta,Delta,Domestic,Dogs,Animal,34.0,1.0,1.0,0.0,0.0,0.0,False
2021|Jul-Dec 2021|Ebonyi|Rabies|RABV,2021,Jul-Dec 2021,Rabies,RABV,state,Ebonyi,Ebonyi,Domestic,Dogs,Animal,27.0,1.0,1.0,0.0,0.0,0.0,False
2021|Jul-Dec 2021|Edo|HPAI|H5N1,2021,Jul-Dec 2021,HPAI,H5N1,state,Edo,Edo,Domestic,Birds,Animal,8919.0,8919.0,7751.0,0.0,1168.0,0.0,False
2021|Jul-Dec 2021|Enugu|HPAI|H5N1,2021,Jul-Dec 2021,HPAI,H5N1,state,Enugu,Enugu,Domestic,Birds,Animal,3820.0,3820.0,2815.0,0.0,1005.0,0.0,False
2021|Jul-Dec 2021|Enugu|Trypanosomosis|,2021,Jul-Dec 2021,Trypanosomosis,,state,Enugu,Enugu,Domestic,Goats,Animal,23.0,23.0,0.0,0.0,3.0,0.0,False
2021|Jul-Dec 2021|Federal Capital Territory|Rabies|RABV,2021,Jul-Dec 2021,Rabies,RABV,state,Federal Capital Territory,Federal Capital Territory,Domestic,Dogs,Animal,27.0,1.0,1.0,0.0,0.0,0.0,False
2021|Jul-Dec 2021|Gombe|HPAI|H5N1,2021,Jul-Dec 2021,HPAI,H5N1,state,Gombe,Gombe,Domestic,Birds,Animal,8112.0,8112.0,5297.0,0.0,2815.0,0.0,False
2021|Jul-Dec 2021|Imo|Rabies|RABV,2021,Jul-Dec 2021,Rabies,RABV,state,Imo,Imo,Domestic,Dogs,Animal,19.0,1.0,1.0,0.0,0.0,0.0,False
2021|Jul-Dec 2021|Jigawa|Trypanosomosis|,2021,Jul-Dec 2021,Trypanosomosis,,state,Jigawa,Jigawa,Domestic,Cattle,Animal,363.0,38.0,0.0,0.0,0.0,0.0,False
2021|Jul-Dec 2021|Kaduna|Rabies|RABV,2021,Jul-Dec 2021,Rabies,RABV,state,Kaduna,Kaduna,Domestic,Dogs,Animal,147.0,7.0,5.0,0.0,2.0,0.0,False
2021|Jul-Dec 2021|Kano|HPAI|H5N1,2021,Jul-Dec 2021,HPAI,H5N1,state,Kano,Kano,Domestic,Birds,Animal,32950.0,32950.0,28477.0,0.0,4473.0,0.0,False
2021|Jul-Dec 2021|Kano|Rabies|RABV,2021,Jul-Dec 2021,Rabies,RABV,state,Kano,Kano,Domestic,Dogs,Animal,1090.0,9.0,6.0,0.0,3.0,0.0,False
2021|Jul-Dec 2021|Kano|Rabies|RABV,2021,Jul-Dec 2021,Rabies,RABV,state,Kano,Kano,Domestic,Cats,Animal,16.0,1.0,1.0,0.0,0.0,0.0,False
2021|Jul-Dec 2021|Katsina|Rabies|RABV,2021,Jul-Dec 2021,Rabies,RABV,state,Katsina,Katsina,Domestic,Dogs,Animal,32.0,1.0,1.0,0.0,0.0,0.0,False
2021|Jul-Dec 2021|Kebbi|Rabies|RABV,2021,Jul-Dec 2021,Rabies,RABV,state,Kebbi,Kebbi,Domestic,Dogs,Animal,213.0,7.0,3.0,0.0,4.0,0.0,False
2021|Jul-Dec 2021|Kebbi|Rabies|RABV,2021,Jul-Dec 2021,Rabies,RABV,state,Kebbi,Kebbi,Wild,Cercopithecidae (unidentified),Animal,1.0,1.0,0.0,0.0,1.0,0.0,False
2021|Jul-Dec 2021|Kogi|Trypanosomosis|,2021,Jul-Dec 2021,Trypanosomosis,,state,Kogi,Kogi,Domestic,Cattle,Animal,24.0,11.0,0.0,0.0,0.0,0.0,False
2021|Jul-Dec 2021|Kwara|Trypanosomosis|,2021,Jul-Dec 2021,Trypanosomosis,,state,Kwara,Kwara,Domestic,Cattle,Animal,117.0,80.0,0.0,0.0,0.0,0.0,False
2021|Jul-Dec 2021|Kwara|Trypanosomosis|,2021,Jul-Dec 2021,Trypanosomosis,,state,Kwara,Kwara,Domestic,Sheep,Animal,5.0,5.0,0.0,0.0,0.0,0.0,False
2021|Jul-Dec 2021|Lagos|HPAI|H5N1,2021,Jul-Dec 2021,HPAI,H5N1,state,Lagos,Lagos,Domestic,Birds,Animal,119775.0,119775.0,105464.0,0.0,14311.0,0.0,False
2021|Jul-Dec 2021|Lagos|Trypanosomosis|,2021,Jul-Dec 2021,Trypanosomosis,,state,Lagos,Lagos,Domestic,Cattle,Animal,128.0,10.0,0.0,5.0,5.0,0.0,False
2021|Jul-Dec 2021|Niger|HPAI|H5N1,2021,Jul-Dec 2021,HPAI,H5N1,state,Niger,Niger,Domestic,Birds,Animal,14115.0,14115.0,10295.0,0.0,3820.0,0.0,False
2021|Jul-Dec 2021|Niger|Trypanosomosis|,2021,Jul-Dec 2021,Trypanosomosis,,state,Niger,Niger,Domestic,Cattle,Animal,64.0,13.0,0.0,1.0,6.0,0.0,False
2021|Jul-Dec 2021|Ogun|HPAI|H5N1,2021,Jul-Dec 2021,HPAI,H5N1,state,Ogun,Ogun,Domestic,Birds,Animal,133064.0,133064.0,101710.0,0.0,31354.0,0.0,False
2021|Jul-Dec 2021|Ondo|Trypanosomosis|,2021,Jul-Dec 2021,Trypanosomosis,,state,Ondo,Ondo,Domestic,Sheep,Animal,150.0,80.0,0.0,0.0,0.0,0.0,False
2021|Jul-Dec 2021|Oyo|HPAI|H5N1,2021,Jul-Dec 2021,HPAI,H5N1,state,Oyo,Oyo,Domestic,Birds,Animal,17843.0,17643.0,14077.0,0.0,3766.0,0.0,False
2021|Jul-Dec 2021|Oyo|Trypanosomosis|,2021,Jul-Dec 2021,Trypanosomosis,,state,Oyo,Oyo,Domestic,Cattle,Animal,80.0,80.0,0.0,0.0,6.0,0.0,False
2021|Jul-Dec 2021|Plateau|HPAI|H5N1,2021,Jul-Dec 2021,HPAI,H5N1,state,Plateau,Plateau,Domestic,Birds,Animal,13155.0,13065.0,11140.0,0.0,2015.0,0.0,False
2021|Jul-Dec 2021|Plateau|Rabies|RABV,2021,Jul-Dec 2021,Rabies,RABV,state,Plateau,Plateau,Domestic,Dogs,Animal,2899.0,38.0,20.0,0.0,18.0,0.0,False
2021|Jul-Dec 2021|Plateau|Rabies|RABV,2021,Jul-Dec 2021,Rabies,RABV,state,Plateau,Plateau,Domestic,Swine,Animal,18.0,1.0,1.0,0.0,0.0,0.0,False
2021|Jul-Dec 2021|Plateau|Trypanosomosis|,2021,Jul-Dec 2021,Trypanosomosis,,state,Plateau,Plateau,Domestic,Cattle,Animal,77.0,15.0,0.0,0.0,0.0,0.0,False
2021|Jul-Dec 2021|Rivers|HPAI|H5N1,2021,Jul-Dec 2021,HPAI,H5N1,state,Rivers,Rivers,Domestic,Birds,Animal,45301.0,45301.0,23342.0,0.0,21959.0,0.0,False
2021|Jul-Dec 2021|Taraba|HPAI|H5N1,2021,Jul-Dec 2021,HPAI,H5N1,state,Taraba,Taraba,Domestic,Birds,Animal,2000.0,2000.0,1313.0,0.0,687.0,0.0,False
2022|Jan-Jun 2022|Abia|HPAI|H5N1,2022,Jan-Jun 2022,HPAI,H5N1,state,Abia,Abia,Domestic,Birds,Animal,3000.0,3000.0,2200.0,0.0,800.0,0.0,False
2022|Jan-Jun 2022|Adamawa|HPAI|H5N1,2022,Jan-Jun 2022,HPAI,H5N1,state,Adamawa,Adamawa,Domestic,Birds,Animal,17000.0,17000.0,13800.0,0.0,3200.0,0.0,False
2022|Jan-Jun 2022|Adamawa|Rabies|RABV,2022,Jan-Jun 2022,Rabies,RABV,state,Adamawa,Adamawa,Domestic,Cats,Animal,9.0,1.0,1.0,0.0,0.0,0.0,False
2022|Jan-Jun 2022|Anambra|HPAI|H5N1,2022,Jan-Jun 2022,HPAI,H5N1,state,Anambra,Anambra,Domestic,Birds,Animal,3000.0,3000.0,2850.0,0.0,150.0,0.0,False
2022|Jan-Jun 2022|Bauchi|HPAI|H5N1,2022,Jan-Jun 2022,HPAI,H5N1,state,Bauchi,Bauchi,Domestic,Birds,Animal,8090.0,8090.0,5585.0,0.0,2505.0,0.0,False
2022|Jan-Jun 2022|Bauchi|Rabies|RABV,2022,Jan-Jun 2022,Rabies,RABV,state,Bauchi,Bauchi,Domestic,Dogs,Animal,249.0,12.0,12.0,0.0,0.0,0.0,False
2022|Jan-Jun 2022|Bauchi|Rabies|RABV,2022,Jan-Jun 2022,Rabies,RABV,state,Bauchi,Bauchi,Domestic,Cats,Animal,14.0,1.0,1.0,0.0,0.0,0.0,False
2022|Jan-Jun 2022|Borno|HPAI|H5N1,2022,Jan-Jun 2022,HPAI,H5N1,state,Borno,Borno,Domestic,Birds,Animal,37.0,37.0,17.0,0.0,20.0,0.0,False
2022|Jan-Jun 2022|Borno|Rabies|RABV,2022,Jan-Jun 2022,Rabies,RABV,state,Borno,Borno,Domestic,Dogs,Animal,6.0,1.0,1.0,0.0,0.0,0.0,False
2022|Jan-Jun 2022|Delta|Rabies|RABV,2022,Jan-Jun 2022,Rabies,RABV,state,Delta,Delta,Domestic,Goats,Animal,27.0,1.0,1.0,0.0,0.0,0.0,False
2022|Jan-Jun 2022|Ebonyi|HPAI|H5N1,2022,Jan-Jun 2022,HPAI,H5N1,state,Ebonyi,Ebonyi,Domestic,Birds,Animal,500.0,500.0,400.0,0.0,100.0,0.0,False
2022|Jan-Jun 2022|Ebonyi|Rabies|RABV,2022,Jan-Jun 2022,Rabies,RABV,state,Ebonyi,Ebonyi,Domestic,Dogs,Animal,79.0,3.0,3.0,0.0,0.0,0.0,False
2022|Jan-Jun 2022|Edo|HPAI|H5N1,2022,Jan-Jun 2022,HPAI,H5N1,state,Edo,Edo,Domestic,Birds,Animal,13000.0,13000.0,12374.0,0.0,626.0,0.0,False
2022|Jan-Jun 2022|Ekiti|Rabies|RABV,2022,Jan-Jun 2022,Rabies,RABV,state,Ekiti,Ekiti,Domestic,Dogs,Animal,44.0,2.0,2.0,0.0,0.0,0.0,False
2022|Jan-Jun 2022|Federal Capital Territory|HPAI|H5N1,2022,Jan-Jun 2022,HPAI,H5N1,state,Federal Capital Territory,Federal Capital Territory,Domestic,Birds,Animal,41809.0,41809.0,33888.0,0.0,7921.0,0.0,False
2022|Jan-Jun 2022|Gombe|HPAI|H5N1,2022,Jan-Jun 2022,HPAI,H5N1,state,Gombe,Gombe,Domestic,Birds,Animal,17584.0,17584.0,13057.0,0.0,4527.0,0.0,False
2022|Jan-Jun 2022|Gombe|Rabies|RABV,2022,Jan-Jun 2022,Rabies,RABV,state,Gombe,Gombe,Domestic,Dogs,Animal,12.0,1.0,1.0,0.0,0.0,0.0,False
2022|Jan-Jun 2022|Jigawa|HPAI|H5N1,2022,Jan-Jun 2022,HPAI,H5N1,state,Jigawa,Jigawa,Domestic,Birds,Animal,600.0,600.0,111.0,0.0,489.0,0.0,False
2022|Jan-Jun 2022|Kaduna|HPAI|H5N1,2022,Jan-Jun 2022,HPAI,H5N1,state,Kaduna,Kaduna,Domestic,Birds,Animal,114700.0,114700.0,93537.0,0.0,21163.0,0.0,False
2022|Jan-Jun 2022|Kaduna|Rabies|RABV,2022,Jan-Jun 2022,Rabies,RABV,state,Kaduna,Kaduna,Domestic,Goats,Animal,20.0,1.0,1.0,0.0,0.0,0.0,False
2022|Jan-Jun 2022|Kaduna|Rabies|RABV,2022,Jan-Jun 2022,Rabies,RABV,state,Kaduna,Kaduna,Domestic,Dogs,Animal,18.0,1.0,1.0,0.0,0.0,0.0,False
2022|Jan-Jun 2022|Kano|HPAI|H5N1,2022,Jan-Jun 2022,HPAI,H5N1,state,Kano,Kano,Domestic,Birds,Animal,187359.0,187359.0,134299.0,0.0,53060.0,1500.0,False
2022|Jan-Jun 2022|Kano|Rabies|RABV,2022,Jan-Jun 2022,Rabies,RABV,state,Kano,Kano,Domestic,Dogs,Animal,238.0,10.0,7.0,0.0,3.0,0.0,False
2022|Jan-Jun 2022|Kano|Rabies|RABV,2022,Jan-Jun 2022,Rabies,RABV,state,Kano,Kano,Domestic,Sheep,Animal,25.0,1.0,1.0,0.0,0.0,0.0,False
2022|Jan-Jun 2022|Katsina|HPAI|H5N1,2022,Jan-Jun 2022,HPAI,H5N1,state,Katsina,Katsina,Domestic,Birds,Animal,114539.0,114539.0,112347.0,0.0,2192.0,0.0,False
2022|Jan-Jun 2022|Kebbi|HPAI|H5N1,2022,Jan-Jun 2022,HPAI,H5N1,state,Kebbi,Kebbi,Domestic,Birds,Animal,175.0,175.0,60.0,0.0,115.0,0.0,False
2022|Jan-Jun 2022|Kogi|HPAI|H5N1,2022,Jan-Jun 2022,HPAI,H5N1,state,Kogi,Kogi,Domestic,Birds,Animal,2000.0,2000.0,1950.0,0.0,50.0,0.0,False
2022|Jan-Jun 2022|Nassarawa|HPAI|H5N1,2022,Jan-Jun 2022,HPAI,H5N1,state,Nassarawa,Nasarawa,Domestic,Birds,Animal,30418.0,30418.0,20638.0,0.0,9780.0,0.0,False
2022|Jan-Jun 2022|Nassarawa|Rabies|RABV,2022,Jan-Jun 2022,Rabies,RABV,state,Nassarawa,Nasarawa,Domestic,Dogs,Animal,40.0,2.0,2.0,0.0,0.0,0.0,False
2022|Jan-Jun 2022|Niger|HPAI|H5N1,2022,Jan-Jun 2022,HPAI,H5N1,state,Niger,Niger,Domestic,Birds,Animal,5600.0,5600.0,4110.0,0.0,1490.0,0.0,False
2022|Jan-Jun 2022|Niger|Rabies|RABV,2022,Jan-Jun 2022,Rabies,RABV,state,Niger,Niger,Domestic,Dogs,Animal,37.0,2.0,1.0,0.0,1.0,0.0,False
2022|Jan-Jun 2022|Ogun|HPAI|H5N1,2022,Jan-Jun 2022,HPAI,H5N1,state,Ogun,Ogun,Domestic,Birds,Animal,90000.0,90000.0,83264.0,0.0,6736.0,0.0,False
2022|Jan-Jun 2022|Osun|Rabies|RABV,2022,Jan-Jun 2022,Rabies,RABV,state,Osun,Osun,Domestic,Dogs,Animal,7.0,1.0,1.0,0.0,0.0,0.0,False
2022|Jan-Jun 2022|Oyo|HPAI|H5N1,2022,Jan-Jun 2022,HPAI,H5N1,state,Oyo,Oyo,Domestic,Birds,Animal,5.0,5.0,1.0,0.0,4.0,0.0,False
2022|Jan-Jun 2022|Plateau|HPAI|H5N1,2022,Jan-Jun 2022,HPAI,H5N1,state,Plateau,Plateau,Domestic,Birds,Animal,16493.0,15993.0,13774.0,0.0,2719.0,0.0,False
2022|Jan-Jun 2022|Plateau|Rabies|RABV,2022,Jan-Jun 2022,Rabies,RABV,state,Plateau,Plateau,Domestic,Dogs,Animal,655.0,35.0,21.0,0.0,14.0,0.0,False
2022|Jan-Jun 2022|Plateau|Rabies|RABV,2022,Jan-Jun 2022,Rabies,RABV,state,Plateau,Plateau,Domestic,Cats,Animal,4.0,1.0,1.0,0.0,0.0,0.0,False
2022|Jan-Jun 2022|Plateau|Rabies|RABV,2022,Jan-Jun 2022,Rabies,RABV,state,Plateau,Plateau,Wild,Lion,Animal,6.0,1.0,1.0,0.0,0.0,0.0,False
2022|Jan-Jun 2022|Zamfara|HPAI|H5N1,2022,Jan-Jun 2022,HPAI,H5N1,state,Zamfara,Zamfara,Domestic,Birds,Animal,188000.0,188000.0,157500.0,0.0,30500.0,0.0,False
2022|Jul-Dec 2022|Akwa Ibom|Rabies|RABV,2022,Jul-Dec 2022,Rabies,RABV,state,Akwa Ibom,Akwa Ibom,Domestic,Dogs,Animal,74.0,8.0,5.0,0.0,4.0,0.0,False
2022|Jul-Dec 2022|Bauchi|Rabies|RABV,2022,Jul-Dec 2022,Rabies,RABV,state,Bauchi,Bauchi,Domestic,Dogs,Animal,114.0,7.0,4.0,0.0,3.0,0.0,False
2022|Jul-Dec 2022|Bauchi|Rabies|RABV,2022,Jul-Dec 2022,Rabies,RABV,state,Bauchi,Bauchi,Domestic,Cats,Animal,6.0,1.0,1.0,0.0,0.0,0.0,False
2022|Jul-Dec 2022|Bayelsa|HPAI|H5N1,2022,Jul-Dec 2022,HPAI,H5N1,state,Bayelsa,Bayelsa,Domestic,Birds,Animal,4000.0,4000.0,3259.0,0.0,741.0,0.0,False
2022|Jul-Dec 2022|Benue|Rabies|RABV,2022,Jul-Dec 2022,Rabies,RABV,state,Benue,Benue,Domestic,Dogs,Animal,19.0,1.0,1.0,0.0,0.0,0.0,False
2022|Jul-Dec 2022|Cross River|Rabies|RABV,2022,Jul-Dec 2022,Rabies,RABV,state,Cross River,Cross River,Domestic,Dogs,Animal,22.0,2.0,2.0,0.0,0.0,0.0,False
2022|Jul-Dec 2022|Delta|HPAI|H5N1,2022,Jul-Dec 2022,HPAI,H5N1,state,Delta,Delta,Domestic,Birds,Animal,38320.0,38320.0,5788.0,0.0,32532.0,0.0,False
2022|Jul-Dec 2022|Delta|Rabies|RABV,2022,Jul-Dec 2022,Rabies,RABV,state,Delta,Delta,Domestic,Dogs,Animal,22.0,2.0,2.0,0.0,1.0,0.0,False
2022|Jul-Dec 2022|Ebonyi|Rabies|RABV,2022,Jul-Dec 2022,Rabies,RABV,state,Ebonyi,Ebonyi,Domestic,Dogs,Animal,104.0,5.0,5.0,0.0,0.0,0.0,False
2022|Jul-Dec 2022|Ekiti|Rabies|RABV,2022,Jul-Dec 2022,Rabies,RABV,state,Ekiti,Ekiti,Domestic,Dogs,Animal,8.0,1.0,1.0,0.0,0.0,0.0,False
2022|Jul-Dec 2022|Enugu|Rabies|RABV,2022,Jul-Dec 2022,Rabies,RABV,state,Enugu,Enugu,Domestic,Dogs,Animal,17.0,1.0,1.0,0.0,0.0,0.0,False
2022|Jul-Dec 2022|Gombe|Rabies|RABV,2022,Jul-Dec 2022,Rabies,RABV,state,Gombe,Gombe,Domestic,Dogs,Animal,59.0,3.0,3.0,0.0,0.0,0.0,False
2022|Jul-Dec 2022|Kaduna|Rabies|RABV,2022,Jul-Dec 2022,Rabies,RABV,state,Kaduna,Kaduna,Domestic,Dogs,Animal,26.0,2.0,2.0,0.0,0.0,0.0,False
2022|Jul-Dec 2022|Kano|Rabies|RABV,2022,Jul-Dec 2022,Rabies,RABV,state,Kano,Kano,Domestic,Cattle,Animal,27.0,1.0,1.0,0.0,0.0,0.0,False
2022|Jul-Dec 2022|Kano|Rabies|RABV,2022,Jul-Dec 2022,Rabies,RABV,state,Kano,Kano,Domestic,Dogs,Animal,21.0,1.0,1.0,0.0,0.0,0.0,False
2022|Jul-Dec 2022|Lagos|HPAI|H5N1,2022,Jul-Dec 2022,HPAI,H5N1,state,Lagos,Lagos,Domestic,Birds,Animal,21435.0,21435.0,20750.0,0.0,685.0,0.0,False
2022|Jul-Dec 2022|Niger|HPAI|H5N1,2022,Jul-Dec 2022,HPAI,H5N1,state,Niger,Niger,Domestic,Birds,Animal,300.0,300.0,0.0,0.0,300.0,0.0,False
2022|Jul-Dec 2022|Ogun|HPAI|H5N1,2022,Jul-Dec 2022,HPAI,H5N1,state,Ogun,Ogun,Domestic,Birds,Animal,3250.0,3250.0,1080.0,0.0,2170.0,0.0,False
2022|Jul-Dec 2022|Ogun|Rabies|RABV,2022,Jul-Dec 2022,Rabies,RABV,state,Ogun,Ogun,Domestic,Dogs,Animal,13.0,1.0,1.0,0.0,0.0,0.0,False
2022|Jul-Dec 2022|Osun|HPAI|H5N1,2022,Jul-Dec 2022,HPAI,H5N1,state,Osun,Osun,Domestic,Birds,Animal,350.0,350.0,105.0,0.0,245.0,0.0,False
2022|Jul-Dec 2022|Oyo|HPAI|H5N1,2022,Jul-Dec 2022,HPAI,H5N1,state,Oyo,Oyo,Domestic,Birds,Animal,2000.0,2000.0,1500.0,0.0,500.0,0.0,False
2022|Jul-Dec 2022|Oyo|Rabies|RABV,2022,Jul-Dec 2022,Rabies,RABV,state,Oyo,Oyo,Domestic,Dogs,Animal,16.0,1.0,1.0,0.0,0.0,0.0,False
2022|Jul-Dec 2022|Plateau|HPAI|H5N1,2022,Jul-Dec 2022,HPAI,H5N1,state,Plateau,Plateau,Domestic,Birds,Animal,30000.0,30000.0,18000.0,0.0,12000.0,0.0,False
2022|Jul-Dec 2022|Plateau|Rabies|RABV,2022,Jul-Dec 2022,Rabies,RABV,state,Plateau,Plateau,Domestic,Dogs,Animal,2100.0,71.0,51.0,0.0,20.0,0.0,False
2022|Jul-Dec 2022|Plateau|Rabies|RABV,2022,Jul-Dec 2022,Rabies,RABV,state,Plateau,Plateau,Domestic,Cats,Animal,17.0,2.0,2.0,0.0,0.0,0.0,False
2022|Jul-Dec 2022|Rivers|HPAI|H5N1,2022,Jul-Dec 2022,HPAI,H5N1,state,Rivers,Rivers,Domestic,Birds,Animal,1450.0,1450.0,625.0,0.0,825.0,0.0,False
2022|Jul-Dec 2022|Sokoto|HPAI|H5N1,2022,Jul-Dec 2022,HPAI,H5N1,state,Sokoto,Sokoto,Domestic,Birds,Animal,700.0,700.0,200.0,0.0,500.0,0.0,False
2022|Jul-Dec 2022|Yobe|Rabies|RABV,2022,Jul-Dec 2022,Rabies,RABV,state,Yobe,Yobe,Domestic,Cats,Animal,5.0,1.0,1.0,0.0,0.0,0.0,False
2023|Jan-Jun 2023|Bauchi|HPAI|H5N1,2023,Jan-Jun 2023,HPAI,H5N1,state,Bauchi,Bauchi,Domestic,Birds,Animal,1000.0,1000.0,800.0,0.0,200.0,0.0,False
2023|Jan-Jun 2023|Bauchi|Rabies|RABV,2023,Jan-Jun 2023,Rabies,RABV,state,Bauchi,Bauchi,Domestic,Dogs,Animal,65.0,5.0,5.0,0.0,0.0,0.0,False
2023|Jan-Jun 2023|Bauchi|Rabies|RABV,2023,Jan-Jun 2023,Rabies,RABV,state,Bauchi,Bauchi,Domestic,Cats,Animal,13.0,2.0,2.0,0.0,0.0,0.0,False
2023|Jan-Jun 2023|Ekiti|HPAI|H5N1,2023,Jan-Jun 2023,HPAI,H5N1,state,Ekiti,Ekiti,Domestic,Birds,Animal,609.0,609.0,304.0,0.0,305.0,0.0,False
2023|Jan-Jun 2023|Gombe|Rabies|,2023,Jan-Jun 2023,Rabies,,state,Gombe,Gombe,Domestic,Dogs,Animal,29.0,2.0,2.0,0.0,0.0,0.0,False
2023|Jan-Jun 2023|Gombe|Rabies|RABV,2023,Jan-Jun 2023,Rabies,RABV,state,Gombe,Gombe,Domestic,Dogs,Animal,104.0,7.0,7.0,0.0,0.0,22.0,False
2023|Jan-Jun 2023|Imo|HPAI|H5N1,2023,Jan-Jun 2023,HPAI,H5N1,state,Imo,Imo,Domestic,Birds,Animal,1000.0,1000.0,825.0,0.0,175.0,0.0,False
2023|Jan-Jun 2023|Kaduna|Rabies|RABV,2023,Jan-Jun 2023,Rabies,RABV,state,Kaduna,Kaduna,Domestic,Dogs,Animal,44.0,3.0,3.0,0.0,0.0,0.0,False
2023|Jan-Jun 2023|Kano|HPAI|H5N1,2023,Jan-Jun 2023,HPAI,H5N1,state,Kano,Kano,Domestic,Birds,Animal,26541.0,26541.0,20467.0,0.0,6074.0,0.0,False
2023|Jan-Jun 2023|Kano|Rabies|RABV,2023,Jan-Jun 2023,Rabies,RABV,state,Kano,Kano,Domestic,Dogs,Animal,70.0,4.0,4.0,0.0,0.0,0.0,False
2023|Jan-Jun 2023|Katsina|HPAI|H5N1,2023,Jan-Jun 2023,HPAI,H5N1,state,Katsina,Katsina,Domestic,Birds,Animal,41200.0,41200.0,29804.0,0.0,11396.0,0.0,False
2023|Jan-Jun 2023|Ogun|Rabies|RABV,2023,Jan-Jun 2023,Rabies,RABV,state,Ogun,Ogun,Domestic,Dogs,Animal,17.0,1.0,1.0,0.0,0.0,0.0,False
2023|Jan-Jun 2023|Plateau|HPAI|H5N1,2023,Jan-Jun 2023,HPAI,H5N1,state,Plateau,Plateau,Domestic,Birds,Animal,1000.0,1000.0,820.0,0.0,180.0,0.0,False
2023|Jan-Jun 2023|Plateau|Rabies|RABV,2023,Jan-Jun 2023,Rabies,RABV,state,Plateau,Plateau,Domestic,Dogs,Animal,276.0,21.0,18.0,1.0,3.0,0.0,False
2023|Jan-Jun 2023|Rivers|HPAI|H5N1,2023,Jan-Jun 2023,HPAI,H5N1,state,Rivers,Rivers,Domestic,Birds,Animal,1800.0,1800.0,1650.0,0.0,150.0,0.0,False
2023|Jul-Dec 2023|Bauchi|Rabies|RABV,2023,Jul-Dec 2023,Rabies,RABV,state,Bauchi,Bauchi,Domestic,Dogs,Animal,254.0,9.0,8.0,0.0,0.0,0.0,False
2023|Jul-Dec 2023|Bauchi|Rabies|RABV,2023,Jul-Dec 2023,Rabies,RABV,state,Bauchi,Bauchi,Domestic,Cats,Animal,93.0,7.0,6.0,0.0,1.0,0.0,False
2023|Jul-Dec 2023|Bauchi|Rabies|RABV,2023,Jul-Dec 2023,Rabies,RABV,state,Bauchi,Bauchi,Domestic,Equidae,Animal,20.0,1.0,1.0,0.0,0.0,0.0,False
2023|Jul-Dec 2023|Cross River|Rabies|RABV,2023,Jul-Dec 2023,Rabies,RABV,state,Cross River,Cross River,Domestic,Dogs,Animal,89.0,4.0,4.0,0.0,0.0,0.0,False
2023|Jul-Dec 2023|Delta|Rabies|RABV,2023,Jul-Dec 2023,Rabies,RABV,state,Delta,Delta,Domestic,Dogs,Animal,116.0,5.0,4.0,0.0,1.0,0.0,False
2023|Jul-Dec 2023|Ebonyi|Rabies|RABV,2023,Jul-Dec 2023,Rabies,RABV,state,Ebonyi,Ebonyi,Domestic,Dogs,Animal,39.0,1.0,1.0,0.0,0.0,0.0,False
2023|Jul-Dec 2023|Ebonyi|Rabies|RABV,2023,Jul-Dec 2023,Rabies,RABV,state,Ebonyi,Ebonyi,Domestic,Goats,Animal,36.0,1.0,1.0,0.0,0.0,0.0,False
2023|Jul-Dec 2023|Ekiti|Rabies|RABV,2023,Jul-Dec 2023,Rabies,RABV,state,Ekiti,Ekiti,Domestic,Dogs,Animal,46.0,2.0,2.0,0.0,0.0,0.0,False
2023|Jul-Dec 2023|Federal Capital Territory|Rabies|RABV,2023,Jul-Dec 2023,Rabies,RABV,state,Federal Capital Territory,Federal Capital Territory,Domestic,Dogs,Animal,13.0,1.0,1.0,0.0,0.0,0.0,False
2023|Jul-Dec 2023|Gombe|Rabies|RABV,2023,Jul-Dec 2023,Rabies,RABV,state,Gombe,Gombe,Domestic,Dogs,Animal,202.0,8.0,8.0,0.0,0.0,0.0,False
2023|Jul-Dec 2023|Gombe|Rabies|RABV,2023,Jul-Dec 2023,Rabies,RABV,state,Gombe,Gombe,Domestic,Cats,Animal,20.0,1.0,1.0,0.0,0.0,0.0,False
2023|Jul-Dec 2023|Jigawa|Rabies|RABV,2023,Jul-Dec 2023,Rabies,RABV,state,Jigawa,Jigawa,Domestic,Dogs,Animal,47.0,1.0,1.0,0.0,0.0,0.0,False
2023|Jul-Dec 2023|Kaduna|Rabies|RABV,2023,Jul-Dec 2023,Rabies,RABV,state,Kaduna,Kaduna,Domestic,Dogs,Animal,204.0,7.0,7.0,0.0,0.0,0.0,False
2023|Jul-Dec 2023|Kano|Rabies|RABV,2023,Jul-Dec 2023,Rabies,RABV,state,Kano,Kano,Domestic,Dogs,Animal,495.0,13.0,12.0,0.0,1.0,0.0,False
2023|Jul-Dec 2023|Kano|Rabies|RABV,2023,Jul-Dec 2023,Rabies,RABV,state,Kano,Kano,Domestic,Cattle,Animal,57.0,1.0,1.0,0.0,0.0,0.0,False
2023|Jul-Dec 2023|Kebbi|Rabies|RABV,2023,Jul-Dec 2023,Rabies,RABV,state,Kebbi,Kebbi,Domestic,Dogs,Animal,21.0,1.0,1.0,0.0,0.0,0.0,False
2023|Jul-Dec 2023|Kogi|Rabies|RABV,2023,Jul-Dec 2023,Rabies,RABV,state,Kogi,Kogi,Domestic,Dogs,Animal,9.0,1.0,1.0,0.0,0.0,0.0,False
2023|Jul-Dec 2023|Lagos|HPAI|H5N1,2023,Jul-Dec 2023,HPAI,H5N1,state,Lagos,Lagos,Domestic,Birds,Animal,6500.0,6500.0,5500.0,0.0,1000.0,0.0,False
2023|Jul-Dec 2023|Niger|Rabies|RABV,2023,Jul-Dec 2023,Rabies,RABV,state,Niger,Niger,Domestic,Dogs,Animal,38.0,1.0,1.0,0.0,0.0,0.0,False
2023|Jul-Dec 2023|Ogun|HPAI|H5N1,2023,Jul-Dec 2023,HPAI,H5N1,state,Ogun,Ogun,Domestic,Birds,Animal,5098.0,5098.0,3220.0,0.0,1878.0,0.0,False
2023|Jul-Dec 2023|Ondo|Rabies|RABV,2023,Jul-Dec 2023,Rabies,RABV,state,Ondo,Ondo,Domestic,Dogs,Animal,39.0,1.0,1.0,0.0,0.0,0.0,False
2023|Jul-Dec 2023|Plateau|Rabies|RABV,2023,Jul-Dec 2023,Rabies,RABV,state,Plateau,Plateau,Domestic,Dogs,Animal,2283.0,38.0,35.0,0.0,3.0,0.0,False
2023|Jul-Dec 2023|Yobe|Rabies|RABV,2023,Jul-Dec 2023,Rabies,RABV,state,Yobe,Yobe,Domestic,Dogs,Animal,31.0,11.0,1.0,0.0,0.0,0.0,False
2023|Jul-Dec 2023|Zamfara|Rabies|RABV,2023,Jul-Dec 2023,Rabies,RABV,state,Zamfara,Zamfara,Domestic,Dogs,Animal,37.0,1.0,1.0,0.0,0.0,0.0,False
2023|Jul-Dec 2023|Zamfara|Rabies|RABV,2023,Jul-Dec 2023,Rabies,RABV,state,Zamfara,Zamfara,Domestic,Sheep,Animal,23.0,1.0,1.0,0.0,0.0,0.0,False
